catalog_id,title,family_code,academic_year,cohort,audience,download_status,local_path,source_url,source_page_url,bytes,page_count,sha256,text_quality,recommended_storage_mode,review_status,is_current,archive_only,notes
YRU-001,academic_calendar_index,ACADEMIC_CALENDAR,,,,downloaded,01-academic/calendars/academic_calendar_index_8f40df9b.html,https://acdservice.yru.ac.th/page/41,https://acdservice.yru.ac.th/page/41,36745,,8f40df9b24e07a1efc23010281e7f4b37a98444d2e0f8bf4562f7eb9c32efe5f,html_snapshot_needs_main_content_review,BOTH,PENDING_REVIEW,,False,Current/effective status requires content and audience review; not auto-published.
YRU-002,academic_forms_index,SERVICE_FORM,,,,downloaded,01-academic/forms/academic_forms_index_0ee99e9f.html,https://acdservice.yru.ac.th/page/27,https://acdservice.yru.ac.th/page/27,50645,,0ee99e9f30e9785b533b498c63248a24ffcd349622af0b7fad11cac947e79b4f,html_snapshot_needs_main_content_review,RAG,PENDING_REVIEW,,False,Current/effective status requires content and audience review; not auto-published.
YRU-003,citizen_guides_index,REGISTRATION_GUIDE,,,,downloaded,01-academic/guides/citizen_guides_index_6c40c303.html,https://eduservice.yru.ac.th/page/?view=info_guide,https://eduservice.yru.ac.th/page/?view=info_guide,34624,,6c40c303f81dada098406dee83dd40014cb69fd80b6e6cab81b03991d2eda674,html_snapshot_needs_main_content_review,RAG,PENDING_REVIEW,,False,Current/effective status requires content and audience review; not auto-published.
YRU-004,student_handbooks_index,REGISTRATION_GUIDE,,,,downloaded,01-academic/handbooks/student_handbooks_index_207068a9.html,https://eduservice.yru.ac.th/page/?view=guide,https://eduservice.yru.ac.th/page/?view=guide,32412,,207068a907b82c3fe141ede0e1c8905b62d118e9dbbb5ea3f1e383435c7b3a7d,html_snapshot_needs_main_content_review,RAG,PENDING_REVIEW,,False,Current/effective status requires content and audience review; not auto-published.
YRU-005,regulations_index,TRANSFER_REGULATION,,,,downloaded,01-academic/regulations/regulations_index_6aa7dca9.html,https://eduservice.yru.ac.th/page/?view=aor,https://eduservice.yru.ac.th/page/?view=aor,135857,,6aa7dca9dd4b66f9417fd43e59b65be3c34e396aa8797e782fbf4a1d35c4e7d4,html_snapshot_needs_main_content_review,RAG,PENDING_REVIEW,,False,Current/effective status requires content and audience review; not auto-published.
YRU-006,forms_index,SERVICE_FORM,,,,downloaded,01-academic/forms/forms_index_9bc8a2e5.html,https://eduservice.yru.ac.th/page/?view=doc_form,https://eduservice.yru.ac.th/page/?view=doc_form,50645,,9bc8a2e5d32cf7dd55e0c77a28fb442f0bdc34398d065ee76dc57168afee8ea5,html_snapshot_needs_main_content_review,RAG,PENDING_REVIEW,,False,Current/effective status requires content and audience review; not auto-published.
YRU-007,tuition_fees,TUITION_FEE,,,,downloaded,01-academic/fees/tuition_fees_029abd03.html,https://eduservice.yru.ac.th/page/?view=fee,https://eduservice.yru.ac.th/page/?view=fee,42418,,029abd0324d32ae6b1a8aa83c5f1e4b700303acaa626179f59a107cd13e9623e,html_snapshot_needs_main_content_review,BOTH,PENDING_REVIEW,,False,Current/effective status requires content and audience review; not auto-published.
YRU-008,transfer_tables_index,TRANSFER_COURSE_TABLE,,,,downloaded,01-academic/transfer-tables/transfer_tables_index_7c4bc7b3.html,https://eduservice.yru.ac.th/page/?group=17&view=standard,https://eduservice.yru.ac.th/page/?group=17&view=standard,47833,,7c4bc7b3d9bd7d74fbce424c8fa96d28921dc0f6b0550b5e7f9f3367e95a49a4,html_snapshot_needs_main_content_review,RAG,PENDING_REVIEW,,False,Current/effective status requires content and audience review; not auto-published.
YRU-009,transfer_system_manuals,TRANSFER_GUIDE,,,,downloaded,01-academic/guides/transfer_system_manuals_9cf8ee4f.html,https://eduservice.yru.ac.th/tiab/pages/?menu=manual,https://eduservice.yru.ac.th/tiab/pages/?menu=manual,15598,,9cf8ee4f471861bf44ea8caa92b393fabd0c6f9cdece84b293cb3bd2805ce94c,html_snapshot_needs_main_content_review,RAG,PENDING_REVIEW,,False,Current/effective status requires content and audience review; not auto-published.
YRU-010,ปฏิทินวิชาการ สำหรับนักศึกษาภาคปกติ ปีการศึกษา 2569,ACADEMIC_CALENDAR,2569,,ภาคปกติ,downloaded,01-academic/calendars/ปฏ_ท_นว_ชาการ_สำหร_บน_กศ_กษาภาคปกต_ป_การศ_กษา_2569_1d96b8d0.pdf,https://drive.google.com/file/d/1yOpKqOFfJqL1xYdjBuRbewitK9C4cglD/view?usp=sharing,https://acdservice.yru.ac.th/page/41,1802783,6,1d96b8d0c3b6eaf7891e7ae600ec5f71e7b633247154b4b87cce6e6e146bd453,text_extractable_sample,BOTH,PENDING_REVIEW,,False,Current/effective status requires content and audience review; not auto-published.
YRU-011,ปฏิทินวิชาการ สำหรับนักศึกษาภาค กศ.บป. ปีการศึกษา 2569,ACADEMIC_CALENDAR,2569,,กศ.บป.,downloaded,01-academic/calendars/ปฏ_ท_นว_ชาการ_สำหร_บน_กศ_กษาภาค_กศ_บป_ป_การศ_กษา_2569_86ec43ef.pdf,https://drive.google.com/file/d/1V1sw9eShbBT5evyo4mDM4t_GPkTy5Ony/view?usp=sharing,https://acdservice.yru.ac.th/page/41,1941944,6,86ec43ef9912f75f39a268e88f0c7bc9913fe40278a4f411804051275c4cb7fc,text_extractable_sample,BOTH,PENDING_REVIEW,,False,Current/effective status requires content and audience review; not auto-published.
YRU-012,ปฏิทินวิชาการสำหรับนักศึกษาภาคปกติ สาขาวิชาการจัดการธุรกิจการค้าปลีกสมัยใหม่ ภาคเรียนที่ 1/2569,ACADEMIC_CALENDAR,2569,,ภาคปกติ,downloaded,01-academic/calendars/ปฏ_ท_นว_ชาการสำหร_บน_กศ_กษาภาคปกต_สาขาว_ชาการจ_ดการธ_รก_จการค_าปล_กสม_ยใหม_ภาคเร_ยนท__58615c79.pdf,https://drive.google.com/file/d/1s-G5DtnGqaVTDPxj5DnWKcp5mz7O0iOn/view?usp=sharing,https://acdservice.yru.ac.th/page/41,2750337,5,58615c791decbaecc33332aad1cdc1c3b464a5cab49c2d55e862745c575b52d3,needs_ocr_or_font_review,BOTH,PENDING_REVIEW,,False,Current/effective status requires content and audience review; not auto-published.
YRU-013,ปฏิทินวิชาการสำหรับนักศึกษาภาคปกติ สาขาวิชาการจัดการธุรกิจการค้าปลีกสมัยใหม่ ภาคเรียนที่ 2/2569,ACADEMIC_CALENDAR,2569,,ภาคปกติ,downloaded,01-academic/calendars/ปฏ_ท_นว_ชาการสำหร_บน_กศ_กษาภาคปกต_สาขาว_ชาการจ_ดการธ_รก_จการค_าปล_กสม_ยใหม_ภาคเร_ยนท__b64ffa06.pdf,https://drive.google.com/file/d/14lIeBxIi4B6KjXmt9eHbt34vo9ZRIBEZ/view?usp=sharing,https://acdservice.yru.ac.th/page/41,2556889,5,b64ffa06e15d98162028405c5ef3c95322fad040506becefeaa5efecd12fd812,needs_ocr_or_font_review,BOTH,PENDING_REVIEW,,False,Current/effective status requires content and audience review; not auto-published.
YRU-014,ปฏิทินวิชาการ สำหรับนักศึกษาภาคปกติ ปีการศึกษา 2568,ACADEMIC_CALENDAR,2568,,ภาคปกติ,downloaded,01-academic/calendars/ปฏ_ท_นว_ชาการ_สำหร_บน_กศ_กษาภาคปกต_ป_การศ_กษา_2568_d8bc7662.pdf,https://drive.google.com/file/d/1Em0NFZ6qo-hfLo0t15kK4FHUuvvSXvsX/view?usp=sharing,https://acdservice.yru.ac.th/page/41,110992,6,d8bc766224df95be124ef4da4ff0423bb23e0f23f0ea4fedf8c38f0f8dee8955,text_extractable_sample,BOTH,PENDING_REVIEW,,False,Current/effective status requires content and audience review; not auto-published.
YRU-015,ปฏิทินวิชาการ สำหรับนักศึกษาภาค กศ.บป. ปีการศึกษา 2568,ACADEMIC_CALENDAR,2568,,กศ.บป.,downloaded,01-academic/calendars/ปฏ_ท_นว_ชาการ_สำหร_บน_กศ_กษาภาค_กศ_บป_ป_การศ_กษา_2568_c98b248c.pdf,https://drive.google.com/file/d/19ylGY4qK_qdzj5-_W86mwvLccE2YLfdd/view?usp=sharing,https://acdservice.yru.ac.th/page/41,117813,6,c98b248caf311c416660ff61771b7deab3690c1123d232e2ef222f28381277e7,text_extractable_sample,BOTH,PENDING_REVIEW,,False,Current/effective status requires content and audience review; not auto-published.
YRU-016,ปฏิทินวิชาการสำหรับนักศึกษาภาคปกติ สาขาวิชาการจัดการธุรกิจการค้าปลีกสมัยใหม่ ภาคเรียนที่ 1/2568,ACADEMIC_CALENDAR,2568,,ภาคปกติ,downloaded,01-academic/calendars/ปฏ_ท_นว_ชาการสำหร_บน_กศ_กษาภาคปกต_สาขาว_ชาการจ_ดการธ_รก_จการค_าปล_กสม_ยใหม_ภาคเร_ยนท__f34db000.pdf,https://drive.google.com/file/d/1Ac4IRk96IKxNSujieosRazSlYF9twk9E/view?usp=sharing,https://acdservice.yru.ac.th/page/41,2534088,5,f34db00067bc4006a24db20e5e3b95bae943a6456fdeb726a39e83d3357305de,needs_ocr_or_font_review,BOTH,PENDING_REVIEW,,False,Current/effective status requires content and audience review; not auto-published.
YRU-017,ปฏิทินวิชาการสำหรับนักศึกษาภาคปกติ สาขาวิชาการจัดการธุรกิจการค้าปลีกสมัยใหม่ ภาคเรียนที่ 2/2568,ACADEMIC_CALENDAR,2568,,ภาคปกติ,downloaded,01-academic/calendars/ปฏ_ท_นว_ชาการสำหร_บน_กศ_กษาภาคปกต_สาขาว_ชาการจ_ดการธ_รก_จการค_าปล_กสม_ยใหม_ภาคเร_ยนท__1e71b005.pdf,https://drive.google.com/file/d/1iHQMr8OYs9aRgDXKtu_XWiZYwxNshWBF/view?usp=sharing,https://acdservice.yru.ac.th/page/41,2267682,4,1e71b00567f53e417c3fa97b8994863de4fe8d8f759aadf1401893c6a68c5b3e,needs_ocr_or_font_review,BOTH,PENDING_REVIEW,,False,Current/effective status requires content and audience review; not auto-published.
YRU-018,คำร้องเทียบโอนผลการเรียน(นอกระบบ),SERVICE_FORM,,,,downloaded,01-academic/forms/คำร_องเท_ยบโอนผลการเร_ยน_นอกระบบ_da7d89ce.pdf,https://drive.google.com/file/d/1TR63IrqLxb-rfsYibdj4YrU5ZXtDMz0k/view?usp=sharing,https://acdservice.yru.ac.th/page/27,83649,2,da7d89cef7c9b79e73eab92250e76682c15178e7a726a1764b90c3e146f4dd34,text_extractable_sample,RAG,PENDING_REVIEW,,False,Current/effective status requires content and audience review; not auto-published.
YRU-019,คำร้องขอคืนสภาพการเป็นนักศึกษา,SERVICE_FORM,,,,downloaded,01-academic/forms/คำร_องขอค_นสภาพการเป_นน_กศ_กษา_e0bffb1f.pdf,https://eduservice.yru.ac.th/files/doc_form/%E0%B8%84%E0%B8%B3%E0%B8%A3%E0%B9%89%E0%B8%AD%E0%B8%87%E0%B8%82%E0%B8%AD%E0%B8%84%E0%B8%B7%E0%B8%99%E0%B8%AA%E0%B8%A0%E0%B8%B2%E0%B8%9E%E0%B8%81%E0%B8%B2%E0%B8%A3%E0%B9%80%E0%B8%9B%E0%B9%87%E0%B8%99%E0%B8%99%E0%B8%B1%E0%B8%81%E0%B8%A8%E0%B8%B6%E0%B8%81%E0%B8%A9%E0%B8%B2.pdf,https://acdservice.yru.ac.th/page/27,55841,1,e0bffb1fb99c431d593252c8a9c1e46ea9aeb930e7016008297c2e7fc2a12ba6,text_extractable_sample,RAG,PENDING_REVIEW,,False,Current/effective status requires content and audience review; not auto-published.
YRU-020,คำร้องขอลาพักการศึกษา,SERVICE_FORM,,,,downloaded,01-academic/forms/คำร_องขอลาพ_กการศ_กษา_87f897cf.pdf,https://eduservice.yru.ac.th/files/doc_form/%E0%B8%84%E0%B8%B3%E0%B8%A3%E0%B9%89%E0%B8%AD%E0%B8%87%E0%B8%82%E0%B8%AD%E0%B8%A5%E0%B8%B2%E0%B8%9E%E0%B8%B1%E0%B8%81%E0%B8%81%E0%B8%B2%E0%B8%A3%E0%B8%A8%E0%B8%B6%E0%B8%81%E0%B8%A9%E0%B8%B2.pdf,https://acdservice.yru.ac.th/page/27,55778,1,87f897cf3697092f84c18a38cd6459cc5c6854b81e8c38cb8152080fc7bbec8d,text_extractable_sample,RAG,PENDING_REVIEW,,False,Current/effective status requires content and audience review; not auto-published.
YRU-021,คำร้องขอทำบัตรประจำตัวนักศึกษา,SERVICE_FORM,,,,downloaded,01-academic/forms/คำร_องขอทำบ_ตรประจำต_วน_กศ_กษา_30cdab51.pdf,https://eduservice.yru.ac.th/files/doc_form/%E0%B8%84%E0%B8%B3%E0%B8%A3%E0%B9%89%E0%B8%AD%E0%B8%87%E0%B8%82%E0%B8%AD%E0%B8%97%E0%B8%B3%E0%B8%9A%E0%B8%B1%E0%B8%95%E0%B8%A3%E0%B8%9B%E0%B8%A3%E0%B8%B0%E0%B8%88%E0%B8%B3%E0%B8%95%E0%B8%B1%E0%B8%A7%E0%B8%99%E0%B8%B1%E0%B8%81%E0%B8%A8%E0%B8%B6%E0%B8%81%E0%B8%A9%E0%B8%B2%E0%B8%8A%E0%B8%B1%E0%B9%88%E0%B8%A7%E0%B8%84%E0%B8%A3%E0%B8%B2%E0%B8%A7.pdf,https://acdservice.yru.ac.th/page/27,54543,1,30cdab516d6c78332bbf86d14630d5d3629ddd0f4ded3e911cf611151113d661,text_extractable_sample,RAG,PENDING_REVIEW,,False,Current/effective status requires content and audience review; not auto-published.
YRU-022,ส่งผลการเรียนเพิ่มเติม/แก้ IM,SERVICE_FORM,,,,downloaded,01-academic/forms/ส_งผลการเร_ยนเพ_มเต_ม_แก_IM_d16dd948.pdf,https://eduservice.yru.ac.th/files/doc_form/%E0%B8%AA%E0%B9%88%E0%B8%87%E0%B8%9C%E0%B8%A5%E0%B8%81%E0%B8%B2%E0%B8%A3%E0%B9%80%E0%B8%A3%E0%B8%B5%E0%B8%A2%E0%B8%99%E0%B9%80%E0%B8%9E%E0%B8%B4%E0%B9%88%E0%B8%A1%E0%B9%80%E0%B8%95%E0%B8%B4%E0%B8%A1-%E0%B9%81%E0%B8%81%E0%B9%89%20IM.pdf,https://acdservice.yru.ac.th/page/27,1070842,1,d16dd94837ebc08f2c768c011fe4e76454af1011e3b3b782c6a8f4b509fd118c,needs_ocr_or_font_review,RAG,PENDING_REVIEW,,False,Current/effective status requires content and audience review; not auto-published.
YRU-023,คำร้องขอเปลี่ยนชื่อ,SERVICE_FORM,,,,downloaded,01-academic/forms/คำร_องขอเปล_ยนช_อ_bf20c920.pdf,https://eduservice.yru.ac.th/files/doc_form/%E0%B8%84%E0%B8%B3%E0%B8%A3%E0%B9%89%E0%B8%AD%E0%B8%87%E0%B8%82%E0%B8%AD%E0%B9%80%E0%B8%9B%E0%B8%A5%E0%B8%B5%E0%B9%88%E0%B8%A2%E0%B8%99%E0%B8%8A%E0%B8%B7%E0%B9%88%E0%B8%AD.pdf,https://acdservice.yru.ac.th/page/27,49906,1,bf20c9204feb0b02f1752b7f6a7f0ccbd3200fa809daf72b5269d17cd47ce068,text_extractable_sample,RAG,PENDING_REVIEW,,False,Current/effective status requires content and audience review; not auto-published.
YRU-024,คำร้องขอย้ายสถานศึกษา,SERVICE_FORM,,,,downloaded,01-academic/forms/คำร_องขอย_ายสถานศ_กษา_01e22710.pdf,https://eduservice.yru.ac.th/files/doc_form/%E0%B8%84%E0%B8%B3%E0%B8%A3%E0%B9%89%E0%B8%AD%E0%B8%87%E0%B8%82%E0%B8%AD%E0%B8%A2%E0%B9%89%E0%B8%B2%E0%B8%A2%E0%B8%AA%E0%B8%96%E0%B8%B2%E0%B8%99%E0%B8%A8%E0%B8%B6%E0%B8%81%E0%B8%A9%E0%B8%B2.pdf,https://acdservice.yru.ac.th/page/27,61274,1,01e22710fc7fe6ad4f6616eca7f51ac049ba1003cac06daf08b38229b14bb60b,text_extractable_sample,RAG,PENDING_REVIEW,,False,Current/effective status requires content and audience review; not auto-published.
YRU-025,คำร้องขอลาออก,SERVICE_FORM,,,,downloaded,01-academic/forms/คำร_องขอลาออก_74adbdda.pdf,https://drive.google.com/file/d/1Q5xyayslOara-pkucgga2PYzeE3hp77Q/view?usp=sharing,https://acdservice.yru.ac.th/page/27,94642,1,74adbdda3350b113cfc75899a812b99099714a82638f397a2d4d4c9da86e7c2c,text_extractable_sample,RAG,PENDING_REVIEW,,False,Current/effective status requires content and audience review; not auto-published.
YRU-026,คำร้องขอสำเร็จการศึกษา,SERVICE_FORM,,,,downloaded,01-academic/forms/คำร_องขอสำเร_จการศ_กษา_240d2bc2.pdf,https://eduservice.yru.ac.th/files/doc_form/%E0%B8%84%E0%B8%B3%E0%B8%A3%E0%B9%89%E0%B8%AD%E0%B8%87%E0%B8%82%E0%B8%AD%E0%B8%AA%E0%B8%B3%E0%B9%80%E0%B8%A3%E0%B9%87%E0%B8%88%E0%B8%81%E0%B8%B2%E0%B8%A3%E0%B8%A8%E0%B8%B6%E0%B8%81%E0%B8%A9%E0%B8%B268.pdf,https://acdservice.yru.ac.th/page/27,145346,4,240d2bc2634c4e5aa8e7d2afea7dee6812e0b41756314285e645b850f2a5f06d,text_extractable_sample,RAG,PENDING_REVIEW,,False,Current/effective status requires content and audience review; not auto-published.
YRU-027,คำร้องขอหลักฐานสำคัญทางการศึกษา,SERVICE_FORM,,,,downloaded,01-academic/forms/คำร_องขอหล_กฐานสำค_ญทางการศ_กษา_d4d856a7.pdf,https://drive.google.com/file/d/1mW3TCdy6D7b8C-7PYUu7TteiK84a5Qj0/view?usp=sharing,https://acdservice.yru.ac.th/page/27,104290,1,d4d856a7621a4a3138c14825a18dfd75827bae62b5e911a145d9773b06e2a376,text_extractable_sample,RAG,PENDING_REVIEW,,False,Current/effective status requires content and audience review; not auto-published.
YRU-028,คำร้องขอเปลี่ยนรูปแบบการศึกษา,SERVICE_FORM,,,,downloaded,01-academic/forms/คำร_องขอเปล_ยนร_ปแบบการศ_กษา_5b718fd7.pdf,https://eduservice.yru.ac.th/files/doc_form/%E0%B8%84%E0%B8%B3%E0%B8%A3%E0%B9%89%E0%B8%AD%E0%B8%87%E0%B8%82%E0%B8%AD%E0%B9%80%E0%B8%9B%E0%B8%A5%E0%B8%B5%E0%B9%88%E0%B8%A2%E0%B8%99%E0%B8%A3%E0%B8%B9%E0%B8%9B%E0%B9%81%E0%B8%9A%E0%B8%9A%E0%B8%81%E0%B8%B2%E0%B8%A3%E0%B8%A8%E0%B8%B6%E0%B8%81%E0%B8%A9%E0%B8%B2.pdf,https://acdservice.yru.ac.th/page/27,48897,1,5b718fd7b1f6628744b781699cc11b608340d917e943cd9b24cb1bd4953d18ad,text_extractable_sample,RAG,PENDING_REVIEW,,False,Current/effective status requires content and audience review; not auto-published.
YRU-029,ใบมอบฉันทะ,SERVICE_FORM,,,,downloaded,01-academic/forms/ใบมอบฉ_นทะ_29cf2313.pdf,https://drive.google.com/file/d/1fnhlrUzkm6LtNF-Mgshkx4EVMI-rPX3F/view?usp=sharing,https://acdservice.yru.ac.th/page/27,74548,1,29cf23134f51fa37bff21c1ee5149e0e17d151b8ec435c2f74eb827454053c27,text_extractable_sample,RAG,PENDING_REVIEW,,False,Current/effective status requires content and audience review; not auto-published.
YRU-030,ใบลา,SERVICE_FORM,,,,downloaded,01-academic/forms/ใบลา_a169a889.pdf,https://eduservice.yru.ac.th/files/doc_form/%E0%B9%83%E0%B8%9A%E0%B8%A5%E0%B8%B2-2.pdf,https://acdservice.yru.ac.th/page/27,872153,1,a169a8891617edc73e3cf3138186d31974483fc68136fe7b4176d6ba3a430d3c,needs_ocr_or_font_review,RAG,PENDING_REVIEW,,False,Current/effective status requires content and audience review; not auto-published.
YRU-031,คำร้องขอยกเลิกรายวิชา,SERVICE_FORM,,,,downloaded,01-academic/forms/คำร_องขอยกเล_กรายว_ชา_f8f9a895.pdf,https://drive.google.com/file/d/15bfTgmpBNFOkbnrXkcPy80JyoCRI3kq_/view?usp=sharing,https://acdservice.yru.ac.th/page/27,59087,1,f8f9a895d3090729aaf76091c4b9f29d879d38561005c10b04d9a0e6005861e7,text_extractable_sample,RAG,PENDING_REVIEW,,False,Current/effective status requires content and audience review; not auto-published.
YRU-032,คำร้องขอสมทบรายวิชา,SERVICE_FORM,,,,downloaded,01-academic/forms/คำร_องขอสมทบรายว_ชา_6a383acd.pdf,https://drive.google.com/file/d/1-El4qsj8rLiWji6j1b1YiZZpqOoeilBw/view?usp=sharing,https://acdservice.yru.ac.th/page/27,62456,1,6a383acddb9a70aeb0dc869a41424ca4c804a66afba7d0801ea328b7e46aaaed,text_extractable_sample,RAG,PENDING_REVIEW,,False,Current/effective status requires content and audience review; not auto-published.
YRU-033,คำร้องขออนุญาตสอบปลายภาค,SERVICE_FORM,,,,downloaded,01-academic/forms/คำร_องขออน_ญาตสอบปลายภาค_4bd0aea2.pdf,https://drive.google.com/file/d/1sBLT8Y0MeSk4bTUe8RqZ3UpsqbSmaaSW/view?usp=sharing,https://acdservice.yru.ac.th/page/27,75779,1,4bd0aea247552fece7d89ba7607f2d4974bf196ce1c7db7e6c89c7b08800e7f4,text_extractable_sample,RAG,PENDING_REVIEW,,False,Current/effective status requires content and audience review; not auto-published.
YRU-034,คำร้องขอลงทะเบียนเรียนเกินหน่วยกิตที่กำหนด (กรณีเกิน 22 หน่วยกิต)และขั้นตอนการยื่นคำร้อง,REGISTRATION_GUIDE,,,,downloaded,01-academic/forms/คำร_องขอลงทะเบ_ยนเร_ยนเก_นหน_วยก_ตท_กำหนด_กรณ_เก_น_22_หน_วยก_ต_และข_นตอนการย_นคำร_อง_f7561e46.pdf,https://drive.google.com/file/d/1TgNlSuwTIosJinyuQcVDkXg-pYuImLIH/view?usp=sharing,https://acdservice.yru.ac.th/page/27,93965,2,f7561e468e57f26e65e5e54a1e814c8df7a77627f00dc0a12d480597d84b0fe8,text_extractable_sample,RAG,PENDING_REVIEW,,False,Current/effective status requires content and audience review; not auto-published.
YRU-035,คำร้องขอลงทะเบียนเรียนเกินหน่วยกิตที่กำหนด สำหรับนักศึกษาโครงการ กศ.บป.(กรณีเกิน 18 หน่วยกิต แต่ไม่เกิน 22 หน่วยกิต)และ ขั้นตอนการยื่นคำร้อง,REGISTRATION_GUIDE,,,กศ.บป.,downloaded,01-academic/forms/คำร_องขอลงทะเบ_ยนเร_ยนเก_นหน_วยก_ตท_กำหนด_สำหร_บน_กศ_กษาโครงการ_กศ_บป_กรณ_เก_น_18_หน__ce026d08.pdf,https://drive.google.com/file/d/1V4sHyBVWfEQ_gwteZFX7wWD6DtNgkyEo/view?usp=sharing,https://acdservice.yru.ac.th/page/27,105979,2,ce026d08c1b096c7a223520ac60869dc15602434084cbc6df21dcc4e105b8583,text_extractable_sample,RAG,PENDING_REVIEW,,False,Current/effective status requires content and audience review; not auto-published.
YRU-036,ปฏิทินวิชาการการลงทะเบียนเรียนเกินหน่วยกิต ปีการศึกษา 2569,ACADEMIC_CALENDAR,2569,,,downloaded,01-academic/forms/ปฏ_ท_นว_ชาการการลงทะเบ_ยนเร_ยนเก_นหน_วยก_ต_ป_การศ_กษา_2569_79652da4.pdf,https://drive.google.com/file/d/1WkF1CU0uVKeR8P5iMYzRK4P2ifSkomo3/view?usp=sharing,https://acdservice.yru.ac.th/page/27,1211831,1,79652da4841e7124fceb6137573f89f9601c41971e70648332c6e331a9dd0ddf,needs_ocr_or_font_review,RAG,PENDING_REVIEW,,False,Current/effective status requires content and audience review; not auto-published.
YRU-037,คำร้องขอใบรับรองรายวิชา,SERVICE_FORM,,,,downloaded,01-academic/forms/คำร_องขอใบร_บรองรายว_ชา_8d00dcf8.pdf,https://eduservice.yru.ac.th/files/doc_form/%E0%B8%84%E0%B8%B3%E0%B8%A3%E0%B9%89%E0%B8%AD%E0%B8%87%E0%B8%82%E0%B8%AD%E0%B9%83%E0%B8%9A%E0%B8%A3%E0%B8%B1%E0%B8%9A%E0%B8%A3%E0%B8%AD%E0%B8%87%E0%B8%A3%E0%B8%B2%E0%B8%A2%E0%B8%A7%E0%B8%B4%E0%B8%8A%E0%B8%B2%E0%B9%81%E0%B8%A5%E0%B8%B0%E0%B8%95%E0%B8%B1%E0%B8%A7%E0%B8%AD%E0%B8%A2%E0%B9%88%E0%B8%B2%E0%B8%87%E0%B8%9A%E0%B8%B1%E0%B8%99%E0%B8%97%E0%B8%B6.pdf,https://acdservice.yru.ac.th/page/27,257777,2,8d00dcf808ded4c10324a3c9e68f97ca4c86372ce2d7671c10949a547e8a8ffd,text_extractable_sample,RAG,PENDING_REVIEW,,False,Current/effective status requires content and audience review; not auto-published.
YRU-038,แบบฟอร์มขอคำอธิบายรายวิชา,SERVICE_FORM,,,,downloaded,01-academic/forms/แบบฟอร_มขอคำอธ_บายรายว_ชา_42034bc4.pdf,https://eduservice.yru.ac.th/files/doc_form/%E0%B9%81%E0%B8%9A%E0%B8%9A%E0%B8%9F%E0%B8%AD%E0%B8%A3%E0%B9%8C%E0%B8%A1%E0%B8%82%E0%B8%AD%E0%B8%84%E0%B8%B3%E0%B8%AD%E0%B8%98%E0%B8%B4%E0%B8%9A%E0%B8%B2%E0%B8%A2%E0%B8%A3%E0%B8%B2%E0%B8%A2%E0%B8%A7%E0%B8%B4%E0%B8%8A%E0%B8%B2.pdf,https://acdservice.yru.ac.th/page/27,390096,1,42034bc411009248c6f5937c69e3d666fa17872790fcdb6be0d95ca0b9509ffa,needs_ocr_or_font_review,RAG,PENDING_REVIEW,,False,Current/effective status requires content and audience review; not auto-published.
YRU-039,คำร้องขอคืนสภาพกรณีชำระค่าเทอมล่าช้า,SERVICE_FORM,,,,downloaded,01-academic/forms/คำร_องขอค_นสภาพกรณ_ชำระค_าเทอมล_าช_า_3d1f7fdb.pdf,https://eduservice.yru.ac.th/files/doc_form/%E0%B8%84%E0%B8%B3%E0%B8%A3%E0%B9%89%E0%B8%AD%E0%B8%87%E0%B8%82%E0%B8%AD%E0%B8%84%E0%B8%B7%E0%B8%99%E0%B8%AA%E0%B8%A0%E0%B8%B2%E0%B8%9E%E0%B8%81%E0%B8%A3%E0%B8%93%E0%B8%B5%E0%B8%8A%E0%B8%B3%E0%B8%A3%E0%B8%B0%E0%B8%84%E0%B9%88%E0%B8%B2%E0%B9%80%E0%B8%97%E0%B8%AD%E0%B8%A1%E0%B8%A5%E0%B9%88%E0%B8%B2%E0%B8%8A%E0%B9%89%E0%B8%B2.pdf,https://acdservice.yru.ac.th/page/27,98597,1,3d1f7fdb39fd08a13b71ba61bed514200be09ae54ee1771e2d83add8918034ee,text_extractable_sample,RAG,PENDING_REVIEW,,False,Current/effective status requires content and audience review; not auto-published.
YRU-040,หนังสือยินยอมให้เปิดเผยข้อมูลแก่บุคคลทีสาม,SERVICE_FORM,,,,downloaded,01-academic/forms/หน_งส_อย_นยอมให_เป_ดเผยข_อม_ลแก_บ_คคลท_สาม_4a6db792.pdf,https://eduservice.yru.ac.th/files/doc_form/%E0%B8%AB%E0%B8%99%E0%B8%B1%E0%B8%87%E0%B8%AA%E0%B8%B7%E0%B8%AD%E0%B8%A2%E0%B8%B4%E0%B8%99%E0%B8%A2%E0%B8%AD%E0%B8%A1%E0%B9%83%E0%B8%AB%E0%B9%89%E0%B9%80%E0%B8%9B%E0%B8%B4%E0%B8%94%E0%B9%80%E0%B8%9C%E0%B8%A2%E0%B8%82%E0%B9%89%E0%B8%AD%E0%B8%A1%E0%B8%B9%E0%B8%A5%E0%B9%81%E0%B8%81%E0%B9%88%E0%B8%9A%E0%B8%B8%E0%B8%84%E0%B8%84%E0%B8%A5%E0%B8%97%E0%B8%B53_67.pdf,https://acdservice.yru.ac.th/page/27,56911,1,4a6db792ec166998c241e8fe6b94e786fcb404251a9bb3f74149e4a7924e1c4a,text_extractable_sample,RAG,PENDING_REVIEW,,False,Current/effective status requires content and audience review; not auto-published.
YRU-041,ใบสมัครเป็นอาจารย์พิเศษ สังกัดคณะ,SERVICE_FORM,,,,downloaded,01-academic/forms/ใบสม_ครเป_นอาจารย_พ_เศษ_ส_งก_ดคณะ_c928dcf6.pdf,https://eduservice.yru.ac.th/files/doc_form/%E0%B9%83%E0%B8%9A%E0%B8%AA%E0%B8%A1%E0%B8%B1%E0%B8%84%E0%B8%A3%E0%B9%80%E0%B8%9B%E0%B9%87%E0%B8%99%E0%B8%AD%E0%B8%B2%E0%B8%88%E0%B8%B2%E0%B8%A3%E0%B8%A2%E0%B9%8C%E0%B8%9E%E0%B8%B4%E0%B9%80%E0%B8%A8%E0%B8%A9-%E0%B8%84%E0%B8%93%E0%B8%B0.pdf,https://acdservice.yru.ac.th/page/27,45971,2,c928dcf6bdac85ac941d189cf9a6dbd44669dafb036ac81b550a675fe1785aa0,text_extractable_sample,RAG,PENDING_REVIEW,,True,Current/effective status requires content and audience review; not auto-published.
YRU-042,ใบสมัครเป็นอาจารย์พิเศษ สังกัดกองบริการการศึกษา,SERVICE_FORM,,,,downloaded,01-academic/forms/ใบสม_ครเป_นอาจารย_พ_เศษ_ส_งก_ดกองบร_การการศ_กษา_08b1829d.pdf,https://eduservice.yru.ac.th/files/doc_form/%E0%B9%83%E0%B8%9A%E0%B8%AA%E0%B8%A1%E0%B8%B1%E0%B8%84%E0%B8%A3%E0%B9%80%E0%B8%9B%E0%B9%87%E0%B8%99%E0%B8%AD%E0%B8%B2%E0%B8%88%E0%B8%B2%E0%B8%A3%E0%B8%A2%E0%B9%8C%E0%B8%9E%E0%B8%B4%E0%B9%80%E0%B8%A8%E0%B8%A9-ge.pdf,https://acdservice.yru.ac.th/page/27,34751,2,08b1829d300a561befbe114ac96ffd1383c408ae54d940716d6a804894cf8c70,text_extractable_sample,RAG,PENDING_REVIEW,,True,Current/effective status requires content and audience review; not auto-published.
YRU-043,คำร้องขออุทธรณ์ผลการเรียน (Grade) ของนักศึกษา,SERVICE_FORM,,,,downloaded,01-academic/forms/คำร_องขออ_ทธรณ_ผลการเร_ยน_Grade_ของน_กศ_กษา_f852ad99.pdf,https://eduservice.yru.ac.th/files/doc_form/%E0%B8%84%E0%B8%B3%E0%B8%A3%E0%B9%89%E0%B8%AD%E0%B8%87%E0%B8%82%E0%B8%AD%E0%B8%AD%E0%B8%B8%E0%B8%97%E0%B8%98%E0%B8%A3%E0%B8%93%E0%B9%8C%E0%B8%9C%E0%B8%A5%E0%B8%81%E0%B8%B2%E0%B8%A3%E0%B9%80%E0%B8%A3%E0%B8%B5%E0%B8%A2%E0%B8%99.pdf,https://acdservice.yru.ac.th/page/27,54932,2,f852ad99166d5c1b444acf3b1dd1f1378fa57493b07eef0109fac0748eb4c924,text_extractable_sample,RAG,PENDING_REVIEW,,False,Current/effective status requires content and audience review; not auto-published.
YRU-044,คำร้องคืนสภาพกรณีเกรดเฉลี่ยไม่ถึงเกณฑ์,SERVICE_FORM,,,,downloaded,01-academic/forms/คำร_องค_นสภาพกรณ_เกรดเฉล_ยไม_ถ_งเกณฑ_7e0e64fe.pdf,https://drive.google.com/file/d/15xmCpR4nDkkD-lcFw5EvcryZJu1EqyTO/view?usp=sharing,https://acdservice.yru.ac.th/page/27,92291,1,7e0e64fedad033d5a26829d652cc025caafc0940e59505563e98b5dbaeee7f90,text_extractable_sample,RAG,PENDING_REVIEW,,False,Current/effective status requires content and audience review; not auto-published.
YRU-045,แบบฟอร์มคำร้อง YRU-teb มหาวิทยาลัยราชภัฏยะลา,SERVICE_FORM,,,,downloaded,01-academic/forms/แบบฟอร_มคำร_อง_YRU-teb_มหาว_ทยาล_ยราชภ_ฏยะลา_2c3fec7e.pdf,https://drive.google.com/file/d/17BEdNKcHAL-ggYugeFLS8RweBnDpM3UG/view,https://acdservice.yru.ac.th/page/27,139619,2,2c3fec7e8e5d1cd11255eccbf908b09cb3941798eb8fa9454cd325ddc0c2f4e3,text_extractable_sample,RAG,PENDING_REVIEW,,False,Current/effective status requires content and audience review; not auto-published.
YRU-046,การเทียบโอนผลการเรียนภาษาอังกฤษ YRU-SET,TRANSFER_GUIDE,,,,downloaded,01-academic/guides/การเท_ยบโอนผลการเร_ยนภาษาอ_งกฤษ_YRU-SET_6f601d40.pdf,https://eduservice.yru.ac.th/files/info_guide/%E0%B8%81%E0%B8%B2%E0%B8%A3%E0%B9%80%E0%B8%97%E0%B8%B5%E0%B8%A2%E0%B8%9A%E0%B9%82%E0%B8%AD%E0%B8%99%E0%B8%9C%E0%B8%A5%E0%B8%81%E0%B8%B2%E0%B8%A3%E0%B9%80%E0%B8%A3%E0%B8%B5%E0%B8%A2%E0%B8%99%E0%B8%A0%E0%B8%B2%E0%B8%A9%E0%B8%B2%E0%B8%AD%E0%B8%B1%E0%B8%87%E0%B8%81%E0%B8%A4%E0%B8%A9-yru-set.pdf,https://eduservice.yru.ac.th/page/?view=info_guide,151494,1,6f601d4035e6fa43db755a3c6399ce0d338bc075251ed0c738fb5985fd63db08,text_extractable_sample,BOTH,PENDING_REVIEW,,False,Current/effective status requires content and audience review; not auto-published.
YRU-047,การเทียบโอนผลการเรียน 2568,TRANSFER_GUIDE,2568,,,downloaded,01-academic/guides/การเท_ยบโอนผลการเร_ยน_2568_57dcffbc.pdf,https://eduservice.yru.ac.th/files/info_guide/%E0%B8%81%E0%B8%B2%E0%B8%A3%E0%B9%80%E0%B8%97%E0%B8%B5%E0%B8%A2%E0%B8%9A%E0%B9%82%E0%B8%AD%E0%B8%99%E0%B8%9C%E0%B8%A5%E0%B8%81%E0%B8%B2%E0%B8%A3%E0%B9%80%E0%B8%A3%E0%B8%B5%E0%B8%A2%E0%B8%9968.pdf,https://eduservice.yru.ac.th/page/?view=info_guide,135622,1,57dcffbcacee3fe064dcf4823e7decdd0e78e210d02f82a5a1f62a8919149cf0,text_extractable_sample,BOTH,PENDING_REVIEW,,False,Current/effective status requires content and audience review; not auto-published.
YRU-048,การยกเว้นหน่วยกิต 2568,TRANSFER_GUIDE,2568,,,downloaded,01-academic/guides/การยกเว_นหน_วยก_ต_2568_a1b00baa.pdf,https://eduservice.yru.ac.th/files/info_guide/%E0%B8%81%E0%B8%B2%E0%B8%A3%E0%B8%A2%E0%B8%81%E0%B9%80%E0%B8%A7%E0%B9%89%E0%B8%99%E0%B8%AB%E0%B8%99%E0%B9%88%E0%B8%A7%E0%B8%A2%E0%B8%81%E0%B8%B4%E0%B8%9568.pdf,https://eduservice.yru.ac.th/page/?view=info_guide,137957,1,a1b00baa041bec932a9a97dadc5e703739b398cc492c87bccb10d1e3abb95081,text_extractable_sample,BOTH,PENDING_REVIEW,,False,Current/effective status requires content and audience review; not auto-published.
YRU-049,การขอคำอธิบายรายวิชา 2568,REGISTRATION_GUIDE,2568,,,downloaded,01-academic/guides/การขอคำอธ_บายรายว_ชา_2568_10862f47.pdf,https://eduservice.yru.ac.th/files/info_guide/%E0%B8%81%E0%B8%B2%E0%B8%A3%E0%B8%82%E0%B8%AD%E0%B8%84%E0%B8%B3%E0%B8%AD%E0%B8%98%E0%B8%B4%E0%B8%9A%E0%B8%B2%E0%B8%A2%E0%B8%A3%E0%B8%B2%E0%B8%A2%E0%B8%A7%E0%B8%B4%E0%B8%8A%E0%B8%B268.pdf,https://eduservice.yru.ac.th/page/?view=info_guide,105655,1,10862f47904702906ad63e29616f1ae64755d7d1503e14ad93248ae324b9b2d9,text_extractable_sample,RAG,PENDING_REVIEW,,False,Current/effective status requires content and audience review; not auto-published.
YRU-050,การขอใบรับรองกำลังรออนุมัติ 2568,CERTIFICATE_GUIDE,2568,,,downloaded,01-academic/guides/การขอใบร_บรองกำล_งรออน_ม_ต_2568_e1f32318.pdf,https://eduservice.yru.ac.th/files/info_guide/%E0%B8%81%E0%B8%B2%E0%B8%A3%E0%B8%82%E0%B8%AD%E0%B9%83%E0%B8%9A%E0%B8%A3%E0%B8%B1%E0%B8%9A%E0%B8%A3%E0%B8%AD%E0%B8%87%E0%B8%81%E0%B8%B3%E0%B8%A5%E0%B8%B1%E0%B8%87%E0%B8%A3%E0%B8%AD%E0%B8%AD%E0%B8%99%E0%B8%B8%E0%B8%A1%E0%B8%B1%E0%B8%95%E0%B8%B468.pdf,https://eduservice.yru.ac.th/page/?view=info_guide,122326,1,e1f32318ffb00e49a3829dc30668e01af14298342234fa68223403614ff8506a,text_extractable_sample,RAG,PENDING_REVIEW,,False,Current/effective status requires content and audience review; not auto-published.
YRU-051,การขอใบรายงานผลการศึกษา (Transcript) 2568,TRANSCRIPT_GUIDE,2568,,,downloaded,01-academic/guides/การขอใบรายงานผลการศ_กษา_Transcript_2568_cb2d55c7.pdf,https://eduservice.yru.ac.th/files/info_guide/%E0%B8%81%E0%B8%B2%E0%B8%A3%E0%B8%82%E0%B8%AD%E0%B9%83%E0%B8%9A%E0%B8%A3%E0%B8%B2%E0%B8%A2%E0%B8%87%E0%B8%B2%E0%B8%99%E0%B8%9C%E0%B8%A5%E0%B8%81%E0%B8%B2%E0%B8%A3%E0%B8%A8%E0%B8%B6%E0%B8%81%E0%B8%A9%E0%B8%B2%20(Transcript)68.pdf,https://eduservice.yru.ac.th/page/?view=info_guide,119172,1,cb2d55c787fb99ab58ac2f183026fc87553ac5e85ae0cf292a85f2d35d34ed45,text_extractable_sample,BOTH,PENDING_REVIEW,,False,Current/effective status requires content and audience review; not auto-published.
YRU-052,การขอใบรายงานผลการศึกษา (เข้าศึกษาก่อนปี 2549) 2568,TRANSCRIPT_GUIDE,2549,,,downloaded,01-academic/guides/การขอใบรายงานผลการศ_กษา_เข_าศ_กษาก_อนป_2549_2568_d11cccaa.pdf,https://eduservice.yru.ac.th/files/info_guide/%E0%B8%81%E0%B8%B2%E0%B8%A3%E0%B8%82%E0%B8%AD%E0%B9%83%E0%B8%9A%E0%B8%A3%E0%B8%B2%E0%B8%A2%E0%B8%87%E0%B8%B2%E0%B8%99%E0%B8%9C%E0%B8%A5%E0%B8%81%E0%B8%B2%E0%B8%A3%E0%B8%A8%E0%B8%B6%E0%B8%81%E0%B8%A9%E0%B8%B2%20(%E0%B9%80%E0%B8%82%E0%B9%89%E0%B8%B2%E0%B8%A8%E0%B8%B6%E0%B8%81%E0%B8%A9%E0%B8%B2%E0%B8%81%E0%B9%88%E0%B8%AD%E0%B8%99%E0%B8%9B%E0%B8%B5%202549)68.pdf,https://eduservice.yru.ac.th/page/?view=info_guide,118669,1,d11cccaa67caf90e232194270efb4afcc72f795be3e34724113b37528bcca08d,text_extractable_sample,BOTH,PENDING_REVIEW,,False,Current/effective status requires content and audience review; not auto-published.
YRU-053,การขอใบแทนใบปริญญาบัตร-ใบแทนใบรับรองคุณวุฒิ 2568,CERTIFICATE_GUIDE,2568,,,downloaded,01-academic/guides/การขอใบแทนใบปร_ญญาบ_ตร-ใบแทนใบร_บรองค_ณว_ฒ_2568_31bae93d.pdf,https://eduservice.yru.ac.th/files/info_guide/%E0%B8%81%E0%B8%B2%E0%B8%A3%E0%B8%82%E0%B8%AD%E0%B9%83%E0%B8%9A%E0%B9%81%E0%B8%97%E0%B8%99%E0%B9%83%E0%B8%9A%E0%B8%9B%E0%B8%A3%E0%B8%B4%E0%B8%8D%E0%B8%8D%E0%B8%B2%E0%B8%9A%E0%B8%B1%E0%B8%95%E0%B8%A3-%E0%B9%83%E0%B8%9A%E0%B9%81%E0%B8%97%E0%B8%99%E0%B9%83%E0%B8%9A%E0%B8%A3%E0%B8%B1%E0%B8%9A%E0%B8%A3%E0%B8%AD%E0%B8%87%E0%B8%84%E0%B8%B8%E0%B8%93%E0%B8%A7%E0%B8%B8%E0%B8%92%E0%B8%B468.pdf,https://eduservice.yru.ac.th/page/?view=info_guide,118850,1,31bae93d8585c9d636620a1d22964970d49fdc155a98b5ae8696a4acd81724ef,text_extractable_sample,RAG,PENDING_REVIEW,,False,Current/effective status requires content and audience review; not auto-published.
YRU-054,การขอใบรับรองต่างๆ 2568,CERTIFICATE_GUIDE,2568,,,downloaded,01-academic/guides/การขอใบร_บรองต_างๆ_2568_7a6bc1d4.pdf,https://eduservice.yru.ac.th/files/info_guide/%E0%B8%81%E0%B8%B2%E0%B8%A3%E0%B8%82%E0%B8%AD%E0%B9%83%E0%B8%9A%E0%B8%A3%E0%B8%B1%E0%B8%9A%E0%B8%A3%E0%B8%AD%E0%B8%87%E0%B8%95%E0%B9%88%E0%B8%B2%E0%B8%87%E0%B9%8668.pdf,https://eduservice.yru.ac.th/page/?view=info_guide,136396,1,7a6bc1d4bb14a042058fba0cd48c923d9a33a35caff48ed3c779965e84718589,text_extractable_sample,RAG,PENDING_REVIEW,,False,Current/effective status requires content and audience review; not auto-published.
YRU-055,เปิดรายวิชากรณีพิเศษ 2568,SPECIAL_COURSE_GUIDE,2568,,,downloaded,01-academic/guides/เป_ดรายว_ชากรณ_พ_เศษ_2568_b8670691.pdf,https://eduservice.yru.ac.th/files/info_guide/%E0%B9%80%E0%B8%9B%E0%B8%B4%E0%B8%94%E0%B8%A3%E0%B8%B2%E0%B8%A2%E0%B8%A7%E0%B8%B4%E0%B8%8A%E0%B8%B2%E0%B8%81%E0%B8%A3%E0%B8%93%E0%B8%B5%E0%B8%9E%E0%B8%B4%E0%B9%80%E0%B8%A8%E0%B8%A968.pdf,https://eduservice.yru.ac.th/page/?view=info_guide,94985,1,b86706915f102320d0212604a23d5abdc312e3209bc7b101fed16d269dce2754,text_extractable_sample,RAG,PENDING_REVIEW,,False,Current/effective status requires content and audience review; not auto-published.
YRU-056,ยกเลิกรายวิชา 2568,COURSE_WITHDRAWAL_GUIDE,2568,,,downloaded,01-academic/guides/ยกเล_กรายว_ชา_2568_f0de3b0e.pdf,https://eduservice.yru.ac.th/files/info_guide/%E0%B8%A2%E0%B8%81%E0%B9%80%E0%B8%A5%E0%B8%B4%E0%B8%81%E0%B8%A3%E0%B8%B2%E0%B8%A2%E0%B8%A7%E0%B8%B4%E0%B8%8A%E0%B8%B268.pdf,https://eduservice.yru.ac.th/page/?view=info_guide,97861,1,f0de3b0e0935d91fa97aea4f5b399d9e0d334621258de8be0e3afed20aba69c9,text_extractable_sample,RAG,PENDING_REVIEW,,False,Current/effective status requires content and audience review; not auto-published.
YRU-057,คู่มือนักศึกษาปี 2568,REGISTRATION_GUIDE,2568,,,downloaded,01-academic/handbooks/ค_ม_อน_กศ_กษาป_2568_90e57a75.pdf,https://eduservice.yru.ac.th/files/manual/manual2568.pdf,https://eduservice.yru.ac.th/page/?view=guide,89666971,409,90e57a75b4efa346c5ca621f34f13884ed656a7bc4360aa0be4e59ee66512d71,needs_ocr_or_font_review,RAG,PENDING_REVIEW,,False,Current/effective status requires content and audience review; not auto-published.
YRU-058,คู่มือลงทะเบียน online,REGISTRATION_GUIDE,,,,failed,,https://eduservice.yru.ac.th/files/manual/%E0%B8%84%E0%B8%B9%E0%B9%88%E0%B8%A1%E0%B8%B7%E0%B8%AD%E0%B8%A5%E0%B8%87%E0%B8%97%E0%B8%B0%E0%B9%80%E0%B8%9A%E0%B8%B5%E0%B8%A2%E0%B8%99%E0%B9%80%E0%B8%A3%E0%B8%B5%E0%B8%A2%E0%B8%99%E0%B8%AD%E0%B8%AD%E0%B8%99%E0%B9%84%E0%B8%A5%E0%B8%99%E0%B9%8C.pdf,https://eduservice.yru.ac.th/page/?view=guide,,,,,RAG,PENDING_REVIEW,,False,
YRU-059,คู่มือการลงทะเบียนเรียนออนไลน์ (NEW),REGISTRATION_GUIDE,,,,downloaded,01-academic/handbooks/ค_ม_อการลงทะเบ_ยนเร_ยนออนไลน_NEW_6c5f202e.pdf,https://eduservice.yru.ac.th/files/manual/%E0%B8%84%E0%B8%B9%E0%B9%88%E0%B8%A1%E0%B8%B7%E0%B8%AD%E0%B8%A7%E0%B8%B4%E0%B8%98%E0%B8%B5%E0%B8%81%E0%B8%B2%E0%B8%A3%E0%B8%A5%E0%B8%87%E0%B8%97%E0%B8%B0%E0%B9%80%E0%B8%9A%E0%B8%B5%E0%B8%A2%E0%B8%99%E0%B9%80%E0%B8%A3%E0%B8%B5%E0%B8%A2%E0%B8%99%E0%B8%AD%E0%B8%AD%E0%B8%99%E0%B9%84%E0%B8%A5%E0%B8%99%E0%B9%8C%2065.pdf,https://eduservice.yru.ac.th/page/?view=guide,818308,4,6c5f202e3e988ae60d68ff6f048fb67141305943b160984a6d32461e584c1703,text_extractable_sample,RAG,PENDING_REVIEW,,False,Current/effective status requires content and audience review; not auto-published.
YRU-060,ประกาศมรย. เรื่อง กำหนดอัตราและหลักเกณฑ์การจ่ายค่าตอบแทนในการดำเนินการจัดการศึกษาระดับบัณฑิตศึกษา,ACADEMIC_REGULATION,,,,downloaded,01-academic/regulations/ประกาศมรย_เร_อง_กำหนดอ_ตราและหล_กเกณฑ_การจ_ายค_าตอบแทนในการดำเน_นการจ_ดการศ_กษาระด_บบ_3c0a330c.pdf,https://eduservice.yru.ac.th/attach/announce_1046.pdf,https://eduservice.yru.ac.th/page/?view=aor,108547,7,3c0a330cbafdbcec2c566aa4cefd32a3c0c5b91bb8764efee3b3fa6b88b351d2,needs_ocr_or_font_review,RAG,PENDING_REVIEW,,True,Current/effective status requires content and audience review; not auto-published.
YRU-061,ประกาศมรย. เรื่อง แนวปฏิบัติในการวัดผล และประมวลผลการศึกษา,GRADING_REGULATION,,,,downloaded,01-academic/regulations/ประกาศมรย_เร_อง_แนวปฏ_บ_ต_ในการว_ดผล_และประมวลผลการศ_กษา_b6146d94.pdf,https://eduservice.yru.ac.th/attach/announce_1031.pdf,https://eduservice.yru.ac.th/page/?view=aor,114840,5,b6146d94aac5cd70c2fd77546d9d74fb004c8902e79c44564d8d3ef5f52d15c3,needs_ocr_or_font_review,RAG,PENDING_REVIEW,,False,Current/effective status requires content and audience review; not auto-published.
YRU-062,ประกาศมรย. เรื่องการเข้าร่วมกิจกรรมเสริมหลักสูตรของนักศึกษา ตามข้อบังคับสภามหาวิทยาลัยราชภัฏยะลา ว่าด้วยการจัดการศึกษาการระดับปริญญาตรี ฉบับที่2 พ.ศ.2554,ACADEMIC_REGULATION,2554,,,downloaded,01-academic/regulations/ประกาศมรย_เร_องการเข_าร_วมก_จกรรมเสร_มหล_กส_ตรของน_กศ_กษา_ตามข_อบ_งค_บสภามหาว_ทยาล_ยร_4ac2a5d8.pdf,https://eduservice.yru.ac.th/attach/announce_1007.pdf,https://eduservice.yru.ac.th/page/?view=aor,244460,10,4ac2a5d84196db215a8dd0d93843dd0b6bc8d46eaeb209c5f3528b461fcfe6d2,needs_ocr_or_font_review,RAG,PENDING_REVIEW,,False,Current/effective status requires content and audience review; not auto-published.
YRU-063,ประกาศมรย. เรื่อง การจ่ายค่าตอบแทนการสอบคัดเลือกเข้าศึกษาในมรย 2555,EXAM_REGULATION,2555,,,downloaded,01-academic/regulations/ประกาศมรย_เร_อง_การจ_ายค_าตอบแทนการสอบค_ดเล_อกเข_าศ_กษาในมรย_2555_b7887238.pdf,https://eduservice.yru.ac.th/attach/announce_1008.pdf,https://eduservice.yru.ac.th/page/?view=aor,188509,2,b78872386c7a179d06e89ff0432be446f165ab50828c490e0b009a91e2bbecca,needs_ocr_or_font_review,RAG,PENDING_REVIEW,,True,Current/effective status requires content and audience review; not auto-published.
YRU-064,ประกาศมรย. เรื่อง แนวปฏิบัติการเขียนจำนวนหน่วยกิต,ACADEMIC_REGULATION,,,,downloaded,01-academic/regulations/ประกาศมรย_เร_อง_แนวปฏ_บ_ต_การเข_ยนจำนวนหน_วยก_ต_25840d75.pdf,https://eduservice.yru.ac.th/attach/announce_1013.pdf,https://eduservice.yru.ac.th/page/?view=aor,158176,2,25840d7594731c6eb653b885ddbfa974791c403b33b381494abf96bc9da02e7c,needs_ocr_or_font_review,RAG,PENDING_REVIEW,,False,Current/effective status requires content and audience review; not auto-published.
YRU-065,ประกาศมรย. เรื่อง อัตราการเก็บและการชำระค่าธรรมเนียมในการจัดการศึกษา สำหรับนักศึกษาระดับปริญญาตรี 2556,TUITION_FEE,2556,,,downloaded,01-academic/regulations/ประกาศมรย_เร_อง_อ_ตราการเก_บและการชำระค_าธรรมเน_ยมในการจ_ดการศ_กษา_สำหร_บน_กศ_กษาระด__21973b90.pdf,https://eduservice.yru.ac.th/attach/announce_1006.pdf,https://eduservice.yru.ac.th/page/?view=aor,103649,4,21973b9086fe0650f2a6372df6a98921bd62aa3f2752daa5a50c5b5c881ed7a8,needs_ocr_or_font_review,RAG,PENDING_REVIEW,,False,Current/effective status requires content and audience review; not auto-published.
YRU-066,ประกาศมรย. เรื่อง กำหนดอัตราและหลักเกณฑ์การจ่ายค่าตอบแทนในการดำเนินการจัดการศึกษาระดับบัณฑิตศึกษา ปริญญาเอก,ACADEMIC_REGULATION,,,,downloaded,01-academic/regulations/ประกาศมรย_เร_อง_กำหนดอ_ตราและหล_กเกณฑ_การจ_ายค_าตอบแทนในการดำเน_นการจ_ดการศ_กษาระด_บบ_4935e0bd.pdf,https://eduservice.yru.ac.th/attach/announce_1010.pdf,https://eduservice.yru.ac.th/page/?view=aor,225785,4,4935e0bdd9c49deb993f744303492d333efc15768046269f555af0a250fae828,needs_ocr_or_font_review,RAG,PENDING_REVIEW,,True,Current/effective status requires content and audience review; not auto-published.
YRU-067,ประกาศมรย. เรื่องอัตราการเก็บเงินค่าธรรมเนียมในการจัดการศึกษาระดับบัณฑิตศึกษา(เพิ่มเติม) 2557,TUITION_FEE,2557,,,downloaded,01-academic/regulations/ประกาศมรย_เร_องอ_ตราการเก_บเง_นค_าธรรมเน_ยมในการจ_ดการศ_กษาระด_บบ_ณฑ_ตศ_กษา_เพ_มเต_ม__b3b139dc.pdf,https://eduservice.yru.ac.th/attach/announce_211059571.pdf,https://eduservice.yru.ac.th/page/?view=aor,170923,2,b3b139dc74603c10457d0fa6a64705359f7bbdf949452036d5638e4e3c05e99a,needs_ocr_or_font_review,RAG,PENDING_REVIEW,,False,Current/effective status requires content and audience review; not auto-published.
YRU-068,ประกาศสภามรย. เรื่องกำหนดอัตราและหลักเกณฑ์การจ่ายค่าตอบแทนในการดำเนินการจัดการศึกษาระดับบัณฑิตศึกษา(เพิ่มเติมครั้งที่ 1) 2557,ACADEMIC_REGULATION,2557,,,downloaded,01-academic/regulations/ประกาศสภามรย_เร_องกำหนดอ_ตราและหล_กเกณฑ_การจ_ายค_าตอบแทนในการดำเน_นการจ_ดการศ_กษาระด__955f23f9.pdf,https://eduservice.yru.ac.th/attach/announce_211059572.pdf,https://eduservice.yru.ac.th/page/?view=aor,70005,2,955f23f96762c470cb0a0f0bb63539f70c8f0f06075f88c0c5ab1734115f0422,needs_ocr_or_font_review,RAG,PENDING_REVIEW,,True,Current/effective status requires content and audience review; not auto-published.
YRU-069,ประกาศมรย. เรื่องอัตราการเก็บและการชำระเงินค่าธรรมเนียมในการจัดการศึกษาสำหรับนักศึกษาระดับปริญญาตรี 2558,TUITION_FEE,2558,,,downloaded,01-academic/regulations/ประกาศมรย_เร_องอ_ตราการเก_บและการชำระเง_นค_าธรรมเน_ยมในการจ_ดการศ_กษาสำหร_บน_กศ_กษาระ_c5b8a035.pdf,https://eduservice.yru.ac.th/attach/announce_1023.pdf,https://eduservice.yru.ac.th/page/?view=aor,382636,4,c5b8a035196277bd690a84588b166818ed644b3159f9a157380d6e5907e30308,needs_ocr_or_font_review,RAG,PENDING_REVIEW,,False,Current/effective status requires content and audience review; not auto-published.
YRU-070,ประกาศมรย. เรื่อง การวัดผลและประมวล ฉบับที่ 2 พ.ศ.2561,GRADING_REGULATION,2561,,,downloaded,01-academic/regulations/ประกาศมรย_เร_อง_การว_ดผลและประมวล_ฉบ_บท_2_พ_ศ_2561_da24cda5.pdf,https://eduservice.yru.ac.th/attach/%E0%B8%9B%E0%B8%A3%E0%B8%81%E0%B8%B2%E0%B8%A8%E0%B8%A1%E0%B8%A3%E0%B8%A2.%20%E0%B8%81%E0%B8%B2%E0%B8%A3%E0%B8%A7%E0%B8%B1%E0%B8%94%E0%B8%9C%E0%B8%A5%E0%B9%81%E0%B8%A5%E0%B8%B0%E0%B8%9B%E0%B8%A3%E0%B8%B0%E0%B8%A1%E0%B8%A7%E0%B8%A5%20%E0%B8%89%E0%B8%9A%E0%B8%B1%E0%B8%9A%E0%B8%97%E0%B8%B5%E0%B9%88%202%202561.pdf,https://eduservice.yru.ac.th/page/?view=aor,688563,1,da24cda5da348c585075dbe6bd58eb7e1f468f505de2f5478f270b1d8d4400f0,needs_ocr_or_font_review,RAG,PENDING_REVIEW,,False,Current/effective status requires content and audience review; not auto-published.
YRU-071,ประกาศมรย. เรื่อง อัตราการเก็บและการชำระเงินค่าธรรมเนียมในการจัดการศึกษาสำหรับนักศึกษาระดับปริญญาตรี (ฉบับที่ 2) พ.ศ.2561,TUITION_FEE,2561,,,downloaded,01-academic/regulations/ประกาศมรย_เร_อง_อ_ตราการเก_บและการชำระเง_นค_าธรรมเน_ยมในการจ_ดการศ_กษาสำหร_บน_กศ_กษาร_76349692.pdf,https://eduservice.yru.ac.th/attach/%E0%B8%84%E0%B9%88%E0%B8%B2%E0%B9%80%E0%B8%97%E0%B8%AD%E0%B8%A1%E0%B8%9B.%E0%B8%95%E0%B8%A3%E0%B8%B5%20%20(%E0%B8%89%E0%B8%9A%E0%B8%B1%E0%B8%9A%E0%B8%97%E0%B8%B5%E0%B9%882)%202561.pdf,https://eduservice.yru.ac.th/page/?view=aor,412853,1,7634969261877366fc0156a6c57ced7ef944aa00c865ca325e77b234c65b3f6e,needs_ocr_or_font_review,RAG,PENDING_REVIEW,,False,Current/effective status requires content and audience review; not auto-published.
YRU-072,ประกาศมรย. เรื่อง การศึกษาเพิ่มเติมในรายวิชาหมวดวิชาศึกษาทั่วไปสำหรับนักศึกษาที่ทำการยกเว้นหน่วยกิตและนักศึกษาสำเร็จการศึกษามีระยะเวลาเกิน 10 ปี,ACADEMIC_REGULATION,,,,downloaded,01-academic/regulations/ประกาศมรย_เร_อง_การศ_กษาเพ_มเต_มในรายว_ชาหมวดว_ชาศ_กษาท_วไปสำหร_บน_กศ_กษาท_ทำการยกเว__90f7159b.pdf,https://eduservice.yru.ac.th/attach/%E0%B8%A7%E0%B8%B4%E0%B8%8A%E0%B8%B2%E0%B8%97%E0%B8%B5%E0%B9%88%E0%B8%A5%E0%B8%87%E0%B8%97%E0%B8%B0%E0%B9%80%E0%B8%9A%E0%B8%B5%E0%B8%A2%E0%B8%99%E0%B8%AA%E0%B8%B3%E0%B8%AB%E0%B8%A3%E0%B8%B1%E0%B8%9A%20%E0%B8%99%E0%B8%A8%20%E0%B8%AA%E0%B8%B3%E0%B9%80%E0%B8%A3%E0%B9%87%E0%B8%88%E0%B8%81%E0%B8%B2%E0%B8%A3%E0%B8%A8%E0%B8%B6%E0%B8%81%E0%B8%A9%E0%B8%B2%E0%B8%A1%E0%B8%B2%E0%B9%81%E0%B8%A5%E0%B9%89%E0%B8%A7%2010%20%E0%B8%9B%E0%B8%B5.pdf,https://eduservice.yru.ac.th/page/?view=aor,892027,1,90f7159b2748607e2f1d9dc56831f4c4bbbbab0034f0f5c216c7b63173654560,needs_ocr_or_font_review,RAG,PENDING_REVIEW,,False,Current/effective status requires content and audience review; not auto-published.
YRU-073,ประกาศมรย. เรื่อง แนวปฏิบัติการเขียนจำนวนหน่วยกิต พ.ศ. 2562,ACADEMIC_REGULATION,2562,,,downloaded,01-academic/regulations/ประกาศมรย_เร_อง_แนวปฏ_บ_ต_การเข_ยนจำนวนหน_วยก_ต_พ_ศ_2562_871ff959.pdf,https://eduservice.yru.ac.th/attach/%E0%B9%81%E0%B8%99%E0%B8%A7%E0%B8%9B%E0%B8%8F%E0%B8%B4%E0%B8%9A%E0%B8%B1%E0%B8%95%E0%B8%B4%E0%B8%81%E0%B8%B2%E0%B8%A3%E0%B9%80%E0%B8%82%E0%B8%B5%E0%B8%A2%E0%B8%99%E0%B8%88%E0%B8%B3%E0%B8%99%E0%B8%A7%E0%B8%99%E0%B8%AB%E0%B8%99%E0%B9%88%E0%B8%A7%E0%B8%A2%E0%B8%81%E0%B8%B4%E0%B8%95%202562.pdf,https://eduservice.yru.ac.th/page/?view=aor,2763019,3,871ff9598aedc58232164ca935d4eca6aacb599f96553edded3234b64caaabdb,text_extractable_sample,RAG,PENDING_REVIEW,,False,Current/effective status requires content and audience review; not auto-published.
YRU-074,ประกาศมรย. เรื่อง อัตราการเก็บและการชำระเงินค่าธรรมเนียมในการจัดการศึกษา สำหรับนักศึกษาระดับปริญญาตรี พ.ศ.2562,TUITION_FEE,2562,,,downloaded,01-academic/regulations/ประกาศมรย_เร_อง_อ_ตราการเก_บและการชำระเง_นค_าธรรมเน_ยมในการจ_ดการศ_กษา_สำหร_บน_กศ_กษา_83d9c0e3.pdf,https://eduservice.yru.ac.th/attach/%E0%B8%AD%E0%B8%B1%E0%B8%95%E0%B8%A3%E0%B8%B2%E0%B8%84%E0%B9%88%E0%B8%B2%E0%B8%98%E0%B8%A3%E0%B8%A3%E0%B8%A1%E0%B9%80%E0%B8%99%E0%B8%B5%E0%B8%A2%E0%B8%A1%20%E0%B8%9B.%E0%B8%95%E0%B8%A3%E0%B8%B562.pdf,https://eduservice.yru.ac.th/page/?view=aor,1339892,9,83d9c0e32f4ab3c15970b900ae2e1a520b4fb68ca0efbfb58c6834eff0381ebd,needs_ocr_or_font_review,RAG,PENDING_REVIEW,,False,Current/effective status requires content and audience review; not auto-published.
YRU-075,ประกาศมรย. เรื่อง การเทียบโอนผลการเรียนภาษาอังกฤษ,TRANSFER_REGULATION,,,,downloaded,01-academic/regulations/ประกาศมรย_เร_อง_การเท_ยบโอนผลการเร_ยนภาษาอ_งกฤษ_81b6d2cf.pdf,https://eduservice.yru.ac.th/attach/%E0%B8%9B%E0%B8%A3%E0%B8%B0%E0%B8%81%E0%B8%B2%E0%B8%A8%20%E0%B9%80%E0%B8%A3%E0%B8%B7%E0%B9%88%E0%B8%AD%E0%B8%87%20%E0%B8%81%E0%B8%B2%E0%B8%A3%E0%B9%80%E0%B8%97%E0%B8%B5%E0%B8%A2%E0%B8%9A%E0%B9%82%E0%B8%AD%E0%B8%99%E0%B8%9C%E0%B8%A5%E0%B8%81%E0%B8%B2%E0%B8%A3%E0%B9%80%E0%B8%A3%E0%B8%B5%E0%B8%A2%E0%B8%99%E0%B8%A0%E0%B8%B2%E0%B8%A9%E0%B8%B2%E0%B8%AD%E0%B8%B1%E0%B8%87%E0%B8%81%E0%B8%A4%E0%B8%A9.pdf,https://eduservice.yru.ac.th/page/?view=aor,131856,3,81b6d2cfededd98a1951abe610b40b64e13d351128444b0920af995bcce7062a,needs_ocr_or_font_review,RAG,PENDING_REVIEW,,False,Current/effective status requires content and audience review; not auto-published.
YRU-076,ประกาศมรย. เรื่อง อัตราการเก็บและการชำระเงินค่าธรรมเนียมในการจัดการศึกษา สำหรับนักศึกษาระดับปริญญาตรี (ฉบับที่ 2) พ.ศ. 2564,TUITION_FEE,2564,,,downloaded,01-academic/regulations/ประกาศมรย_เร_อง_อ_ตราการเก_บและการชำระเง_นค_าธรรมเน_ยมในการจ_ดการศ_กษา_สำหร_บน_กศ_กษา_c3a59a31.pdf,https://eduservice.yru.ac.th/attach/%E0%B8%84%E0%B9%88%E0%B8%B2%E0%B8%98%E0%B8%A3%E0%B8%A3%E0%B8%A1%E0%B9%80%E0%B8%99%E0%B8%B5%E0%B8%A2%E0%B8%A1%E0%B8%88%E0%B8%B1%E0%B8%94%E0%B8%81%E0%B8%B2%E0%B8%A3%E0%B8%A8%E0%B8%B6%E0%B8%81%E0%B8%A9%E0%B8%B2%20%E0%B8%81%E0%B8%B2%E0%B8%A3%E0%B8%88%E0%B8%B1%E0%B8%94%E0%B8%81%E0%B8%B2%E0%B8%A3%E0%B8%98%E0%B8%B8%E0%B8%A3%E0%B8%81%E0%B8%B4%E0%B8%88%E0%B8%81%E0%B8%B2%E0%B8%A3%E0%B8%84%E0%B9%89%E0%B8%B2%E0%B8%AA%E0%B8%A1%E0%B8%B1%E0%B8%A2%E0%B9%83%E0%B8%AB%E0%B8%A1%E0%B9%88%202564.pdf,https://eduservice.yru.ac.th/page/?view=aor,1141437,1,c3a59a316ebccae749380daca1d26dc7f536627d480e804e215366dffa74104d,needs_ocr_or_font_review,RAG,PENDING_REVIEW,,False,Current/effective status requires content and audience review; not auto-published.
YRU-077,ประกาศมรย. เรื่อง แนวปฏิบัติการใช้คะแนนภาษาอังกฤษเพื่อทดแทนการลงทะเบียนเรียน,REGISTRATION_GUIDE,,,,downloaded,01-academic/regulations/ประกาศมรย_เร_อง_แนวปฏ_บ_ต_การใช_คะแนนภาษาอ_งกฤษเพ_อทดแทนการลงทะเบ_ยนเร_ยน_4b540446.pdf,https://eduservice.yru.ac.th/attach/%E0%B8%9B%E0%B8%A3%E0%B8%B0%E0%B8%81%E0%B8%B2%E0%B8%A8%E0%B9%81%E0%B8%99%E0%B8%A7%E0%B8%9B%E0%B8%8F%E0%B8%B4%E0%B8%9A%E0%B8%B1%E0%B8%95%E0%B8%B4%E0%B9%83%E0%B8%99%E0%B8%81%E0%B8%B2%E0%B8%A3%E0%B9%83%E0%B8%8A%E0%B9%89%E0%B8%84%E0%B8%B0%E0%B9%81%E0%B8%99%E0%B8%99%E0%B8%A0%E0%B8%B2%E0%B8%A9%E0%B8%B2%E0%B8%AD%E0%B8%B1%E0%B8%87%E0%B8%81%E0%B8%A4%E0%B8%A9.pdf,https://eduservice.yru.ac.th/page/?view=aor,1268884,1,4b540446724de275b5936b0f86fe16061808c9c31b815428b7967a191e140ad0,needs_ocr_or_font_review,RAG,PENDING_REVIEW,,False,Current/effective status requires content and audience review; not auto-published.
YRU-078,ประกาศมรย. เรื่อง การเทียบโอนผลการเรียนภาษาอังกฤษ ฉบับที่ 2,TRANSFER_REGULATION,,,,downloaded,01-academic/regulations/ประกาศมรย_เร_อง_การเท_ยบโอนผลการเร_ยนภาษาอ_งกฤษ_ฉบ_บท_2_233fcb74.pdf,https://eduservice.yru.ac.th/attach/%E0%B8%81%E0%B8%B2%E0%B8%A3%E0%B9%80%E0%B8%97%E0%B8%B5%E0%B8%A2%E0%B8%9A%E0%B9%82%E0%B8%AD%E0%B8%99%E0%B8%9C%E0%B8%A5%E0%B8%81%E0%B8%B2%E0%B8%A3%E0%B9%80%E0%B8%A3%E0%B8%B5%E0%B8%A2%E0%B8%99%E0%B8%A0%E0%B8%B2%E0%B8%A9%E0%B8%B2%E0%B8%AD%E0%B8%B1%E0%B8%87%E0%B8%81%E0%B8%A4%E0%B8%A9%20%E0%B8%89%E0%B8%9A%E0%B8%B1%E0%B8%9A%E0%B8%97%E0%B8%B5%E0%B9%88%202.pdf,https://eduservice.yru.ac.th/page/?view=aor,774059,1,233fcb74d8e0657b46fe0e3ad35e9e87134999745ac0164882c087c5774b0b52,needs_ocr_or_font_review,RAG,PENDING_REVIEW,,False,Current/effective status requires content and audience review; not auto-published.
YRU-079,ประกาศมรย. เรื่อง การเทียบโอนผลการเรียนภาษาอังกฤษระดับปริญญาตรี,TRANSFER_REGULATION,,,,downloaded,01-academic/regulations/ประกาศมรย_เร_อง_การเท_ยบโอนผลการเร_ยนภาษาอ_งกฤษระด_บปร_ญญาตร_44fe500c.pdf,https://eduservice.yru.ac.th/attach/news_%E0%B9%80%E0%B8%97%E0%B8%B5%E0%B8%A2%E0%B8%9A%E0%B9%82%E0%B8%AD%E0%B8%99%E0%B8%9C%E0%B8%A5%E0%B8%81%E0%B8%B2%E0%B8%A3%E0%B9%80%E0%B8%A3%E0%B8%B5%E0%B8%A2%E0%B8%99%E0%B8%A0%E0%B8%B2%E0%B8%A9%E0%B8%B2%E0%B8%AD%E0%B8%B1%E0%B8%87%E0%B8%81%E0%B8%A4%E0%B8%A9%E0%B8%A3%E0%B8%B0%E0%B8%94%E0%B8%B1%E0%B8%9A%E0%B8%9B%E0%B8%A3%E0%B8%B4%E0%B8%8D%E0%B8%8D%E0%B8%B2%E0%B8%95%E0%B8%A3%E0%B8%B5.pdf,https://eduservice.yru.ac.th/page/?view=aor,1660644,2,44fe500c071ffa10e33697951688cf5ef819f39d09b4e114b1be8012a63eed78,needs_ocr_or_font_review,RAG,PENDING_REVIEW,,False,Current/effective status requires content and audience review; not auto-published.
YRU-080,ประกาศมรย. เรื่อง การแก้ไขปัญหาการประเมินผลการเรียนรายวิชา 5100110 ประจำภาคการศึกษาที่ 1 ปีการศึกษา 2564,GRADING_REGULATION,2564,,,downloaded,01-academic/regulations/ประกาศมรย_เร_อง_การแก_ไขป_ญหาการประเม_นผลการเร_ยนรายว_ชา_5100110_ประจำภาคการศ_กษาท_1__fc0f03d5.pdf,https://eduservice.yru.ac.th/attach/%E0%B8%9B%E0%B8%A3%E0%B8%B0%E0%B8%81%E0%B8%B2%E0%B8%A8%E0%B8%AA%E0%B8%AD%E0%B8%9A5100110%20%E0%B8%A7%E0%B8%B1%E0%B8%99%E0%B8%97%E0%B8%B5%E0%B9%88%2023%20%E0%B8%9E%E0%B8%A2%2064.pdf,https://eduservice.yru.ac.th/page/?view=aor,695308,2,fc0f03d543861eaa1a86804cbd2e3da1d2d6f9c62f9e0bb7aa204c96f268b310,needs_ocr_or_font_review,RAG,PENDING_REVIEW,,False,Current/effective status requires content and audience review; not auto-published.
YRU-081,ประกาศมรย. เรื่อง อัตราเก็บและการชำระเงินค่าธรรมเนียมในการจัดการศึกษา สำหรับนักศึกษาระดับปริญญาตรี พ.ศ. 2565,TUITION_FEE,2565,,,downloaded,01-academic/regulations/ประกาศมรย_เร_อง_อ_ตราเก_บและการชำระเง_นค_าธรรมเน_ยมในการจ_ดการศ_กษา_สำหร_บน_กศ_กษาระด_1a8d0f0f.pdf,https://eduservice.yru.ac.th/attach/%E0%B8%AD%E0%B8%B1%E0%B8%95%E0%B8%A3%E0%B8%B2%E0%B9%80%E0%B8%81%E0%B9%87%E0%B8%9A%E0%B9%81%E0%B8%A5%E0%B8%B0%E0%B8%81%E0%B8%B2%E0%B8%A3%E0%B8%8A%E0%B8%B3%E0%B8%A3%E0%B8%B0%E0%B8%84%E0%B9%88%E0%B8%B2%E0%B8%98%E0%B8%A3%E0%B8%A3%E0%B8%A1%E0%B9%80%E0%B8%99%E0%B8%B5%E0%B8%A2%E0%B8%A1%E0%B8%88%E0%B8%B1%E0%B8%94%E0%B8%81%E0%B8%B2%E0%B8%A3%E0%B8%A8%E0%B8%B6%E0%B8%81%E0%B8%A9%E0%B8%B265.pdf,https://eduservice.yru.ac.th/page/?view=aor,799785,10,1a8d0f0f478e8768ff59caf06cd054867aecdc601d75e11523f4150f3b7f5a6a,needs_ocr_or_font_review,RAG,PENDING_REVIEW,,False,Current/effective status requires content and audience review; not auto-published.
YRU-082,ประกาศมรย. เรื่อง การเทียบโอนผลการเรียนภาษาอังกฤษระดับปริญญาตรี พ.ศ. 2565,TRANSFER_REGULATION,2565,,,downloaded,01-academic/regulations/ประกาศมรย_เร_อง_การเท_ยบโอนผลการเร_ยนภาษาอ_งกฤษระด_บปร_ญญาตร_พ_ศ_2565_987c87c2.pdf,https://eduservice.yru.ac.th/attach/news_%E0%B8%81%E0%B8%B2%E0%B8%A3%E0%B9%80%E0%B8%97%E0%B8%B5%E0%B8%A2%E0%B8%9A%E0%B9%82%E0%B8%AD%E0%B8%99%E0%B8%9C%E0%B8%A5%E0%B8%81%E0%B8%B2%E0%B8%A3%E0%B9%80%E0%B8%A3%E0%B8%B5%E0%B8%A2%E0%B8%99%E0%B8%A0%E0%B8%B2%E0%B8%A9%E0%B8%B2%E0%B8%AD%E0%B8%B1%E0%B8%87%E0%B8%81%E0%B8%A4%E0%B8%A9%202565.pdf,https://eduservice.yru.ac.th/page/?view=aor,1337891,3,987c87c24921892caed2f91ff792395b23dc7186fcffb77272c613d6fbbac2f2,needs_ocr_or_font_review,RAG,PENDING_REVIEW,,False,Current/effective status requires content and audience review; not auto-published.
YRU-083,ประกาศมรย. เรื่อง แนวทางการรับสมัครนักศึกษาระดับปริญญาตรี มหาวิทยาลัยราชภัฏยะลา ประจำปีการศึกษา 2566,ACADEMIC_REGULATION,2566,,,downloaded,01-academic/regulations/ประกาศมรย_เร_อง_แนวทางการร_บสม_ครน_กศ_กษาระด_บปร_ญญาตร_มหาว_ทยาล_ยราชภ_ฏยะลา_ประจำป_ก_00fb8fe0.pdf,https://eduservice.yru.ac.th/attach/%E0%B9%81%E0%B8%99%E0%B8%A7%E0%B8%97%E0%B8%B2%E0%B8%87%E0%B8%81%E0%B8%B2%E0%B8%A3%E0%B8%A3%E0%B8%B1%E0%B8%9A%E0%B8%AA%E0%B8%A1%E0%B8%B1%E0%B8%84%E0%B8%A3%E0%B8%99%E0%B8%B1%E0%B8%81%E0%B8%A8%E0%B8%B6%E0%B8%81%E0%B8%A9%E0%B8%B2%E0%B8%A3%E0%B8%B0%E0%B8%94%E0%B8%B1%E0%B8%9A%E0%B8%9B%E0%B8%A3%E0%B8%B4%E0%B8%8D%E0%B8%8D%E0%B8%B2%E0%B8%95%E0%B8%A3%E0%B8%B566.pdf,https://eduservice.yru.ac.th/page/?view=aor,1212806,7,00fb8fe0845e441a3bc93e817a2ca1fa713d7f12e2b451fa7169711b19c16341,needs_ocr_or_font_review,RAG,PENDING_REVIEW,,True,Current/effective status requires content and audience review; not auto-published.
YRU-084,ประกาศมรย. เรื่อง หลักเกณฑ์และวิธีการเทียบโอนผลการเรียน การเทียบความรู้หรือประสบการณ์ หรือยกเว้นหน่วยกิต พ.ศ. 2566,TRANSFER_REGULATION,2566,,,downloaded,01-academic/regulations/ประกาศมรย_เร_อง_หล_กเกณฑ_และว_ธ_การเท_ยบโอนผลการเร_ยน_การเท_ยบความร_หร_อประสบการณ_หร__6fa15398.pdf,https://eduservice.yru.ac.th/attach/%E0%B8%AB%E0%B8%A5%E0%B8%B1%E0%B8%81%E0%B9%80%E0%B8%81%E0%B8%93%E0%B8%91%E0%B9%8C%E0%B8%A7%E0%B8%B4%E0%B8%98%E0%B8%B5%E0%B8%81%E0%B8%B2%E0%B8%A3%E0%B9%80%E0%B8%97%E0%B8%B5%E0%B8%A2%E0%B8%9A%E0%B8%84%E0%B8%A7%E0%B8%B2%E0%B8%A1%E0%B8%A3%E0%B8%B9%E0%B9%89%E0%B8%AF66.pdf,https://eduservice.yru.ac.th/page/?view=aor,1196220,6,6fa153987dc8a8271fed03507474b32d96a49e3e0316c0651f4948e859f5d3a3,needs_ocr_or_font_review,RAG,PENDING_REVIEW,,False,Current/effective status requires content and audience review; not auto-published.
YRU-085,ประกาศมรย. เรื่อง แนวปฏิบัติเกี่ยวกับระเบียบการสอบ พ.ศ. 2566,EXAM_REGULATION,2566,,,downloaded,01-academic/regulations/ประกาศมรย_เร_อง_แนวปฏ_บ_ต_เก_ยวก_บระเบ_ยบการสอบ_พ_ศ_2566_210ccd7c.pdf,https://eduservice.yru.ac.th/attach/%E0%B9%81%E0%B8%99%E0%B8%A7%E0%B8%9B%E0%B8%8F%E0%B8%B4%E0%B8%9A%E0%B8%B1%E0%B8%95%E0%B8%B4%E0%B9%80%E0%B8%81%E0%B8%B5%E0%B9%88%E0%B8%A2%E0%B8%A7%E0%B8%81%E0%B8%B1%E0%B8%9A%E0%B8%A3%E0%B8%B0%E0%B9%80%E0%B8%9A%E0%B8%B5%E0%B8%A2%E0%B8%9A%E0%B8%81%E0%B8%B2%E0%B8%A3%E0%B8%AA%E0%B8%AD%E0%B8%9A66.pdf,https://eduservice.yru.ac.th/page/?view=aor,934307,5,210ccd7c33548102e2e7f0ec6374f95947fe8a15041c342525d3fc0d6956e155,needs_ocr_or_font_review,RAG,PENDING_REVIEW,,False,Current/effective status requires content and audience review; not auto-published.
YRU-086,ประกาศมรย. เรื่อง หลักเกณฑ์การวัดและประเมินผลการศึกษาในระดับปริญญาตรี พ.ศ. 2566,GRADING_REGULATION,2566,,,downloaded,01-academic/regulations/ประกาศมรย_เร_อง_หล_กเกณฑ_การว_ดและประเม_นผลการศ_กษาในระด_บปร_ญญาตร_พ_ศ_2566_239bcf55.pdf,https://eduservice.yru.ac.th/attach/%E0%B8%AB%E0%B8%A5%E0%B8%B1%E0%B8%81%E0%B9%80%E0%B8%81%E0%B8%93%E0%B8%91%E0%B9%8C%E0%B8%81%E0%B8%B2%E0%B8%A3%E0%B8%A7%E0%B8%B1%E0%B8%94%E0%B9%81%E0%B8%A5%E0%B8%B0%E0%B8%9B%E0%B8%A3%E0%B8%B0%E0%B9%80%E0%B8%A1%E0%B8%B4%E0%B8%99%E0%B8%9C%E0%B8%A5%E0%B8%81%E0%B8%B2%E0%B8%A3%E0%B8%A8%E0%B8%B6%E0%B8%81%E0%B8%A9%E0%B8%B2%E0%B8%9B.%E0%B8%95%E0%B8%A3%E0%B8%B566.pdf,https://eduservice.yru.ac.th/page/?view=aor,664332,4,239bcf55cb5a292dd48b232a8a9eb845bf8e352258f5597fc613a255f51cf3c5,needs_ocr_or_font_review,RAG,PENDING_REVIEW,,False,Current/effective status requires content and audience review; not auto-published.
YRU-087,ประกาศ มรย. เรื่อง แนวปฏิบัติเกียวกับการลงทะเบียนเรียน ระดับปริญญาตรี พ.ศ. 2566,REGISTRATION_GUIDE,2566,,,downloaded,01-academic/regulations/ประกาศ_มรย_เร_อง_แนวปฏ_บ_ต_เก_ยวก_บการลงทะเบ_ยนเร_ยน_ระด_บปร_ญญาตร_พ_ศ_2566_7ca5f55f.pdf,https://eduservice.yru.ac.th/attach/%E0%B9%81%E0%B8%99%E0%B8%A7%E0%B8%9B%E0%B8%8F%E0%B8%B4%E0%B8%9A%E0%B8%B1%E0%B8%95%E0%B8%B4%E0%B9%80%E0%B8%81%E0%B8%B5%E0%B8%A2%E0%B8%A7%E0%B8%81%E0%B8%B1%E0%B8%9A%E0%B8%81%E0%B8%B2%E0%B8%A3%E0%B8%A5%E0%B8%87%E0%B8%97%E0%B8%B0%E0%B9%80%E0%B8%9A%E0%B8%B5%E0%B8%A2%E0%B8%99%E0%B9%80%E0%B8%A3%E0%B8%B5%E0%B8%A2%E0%B8%99%E0%B8%A3%E0%B8%B0%E0%B8%94%E0%B8%B1%E0%B8%9A%E0%B8%9B%E0%B8%A3%E0%B8%B4%E0%B8%8D%E0%B8%8D%E0%B8%B2%E0%B8%95%E0%B8%A3%E0%B8%B566.pdf,https://eduservice.yru.ac.th/page/?view=aor,562057,3,7ca5f55f3558d4bae5d5d0bf344f605d550d576dc0101251424e5df028cbb01f,needs_ocr_or_font_review,RAG,PENDING_REVIEW,,False,Current/effective status requires content and audience review; not auto-published.
YRU-088,ประกาศมรย. เรื่อง แนวทางการรับสมัครนักศึกษาระดับปริญญาตรี มหาวิทยาลัยราชภัฏยะลา ประจำปีการศึกษา 2567,ACADEMIC_REGULATION,2567,,,downloaded,01-academic/regulations/ประกาศมรย_เร_อง_แนวทางการร_บสม_ครน_กศ_กษาระด_บปร_ญญาตร_มหาว_ทยาล_ยราชภ_ฏยะลา_ประจำป_ก_d4834d18.pdf,https://eduservice.yru.ac.th/attach/%E0%B9%81%E0%B8%99%E0%B8%A7%E0%B8%97%E0%B8%B2%E0%B8%87%E0%B8%81%E0%B8%B2%E0%B8%A3%E0%B8%A3%E0%B8%B1%E0%B8%9A%E0%B8%AA%E0%B8%A1%E0%B8%B1%E0%B8%84%E0%B8%A3%E0%B8%99%E0%B8%B1%E0%B8%81%E0%B8%A8%E0%B8%B6%E0%B8%81%E0%B8%A9%E0%B8%B2%E0%B8%A3%E0%B8%B0%E0%B8%94%E0%B8%B1%E0%B8%9A%E0%B8%9B%E0%B8%A3%E0%B8%B4%E0%B8%8D%E0%B8%8D%E0%B8%B2%E0%B8%95%E0%B8%A3%E0%B8%B567.pdf,https://eduservice.yru.ac.th/page/?view=aor,60282,3,d4834d18365297ce381f1d345709e79dbcc960854eb876ba6b21616cb9385006,text_extractable_sample,RAG,PENDING_REVIEW,,True,Current/effective status requires content and audience review; not auto-published.
YRU-089,ประกาศมรย. เรื่อง การรับนักศึกษาพิการเข้าศึกษาระดับปริญญาตรี มหาวิทยาลัยราชภัฏยะลา ด้วยวิธีพิเศษ 2567,ACADEMIC_REGULATION,2567,,,downloaded,01-academic/regulations/ประกาศมรย_เร_อง_การร_บน_กศ_กษาพ_การเข_าศ_กษาระด_บปร_ญญาตร_มหาว_ทยาล_ยราชภ_ฏยะลา_ด_วยว_e86b2a93.pdf,https://eduservice.yru.ac.th/attach/%E0%B8%9B%E0%B8%A3%E0%B8%B0%E0%B8%81%E0%B8%B2%E0%B8%A8%E0%B8%AA%E0%B8%A0%E0%B8%B2%E0%B8%81%E0%B8%B2%E0%B8%A3%E0%B8%A3%E0%B8%B1%E0%B8%9A%E0%B8%99%E0%B8%A8.%E0%B8%9B.%E0%B8%95%E0%B8%A3%E0%B8%B5%E0%B8%94%E0%B9%89%E0%B8%A7%E0%B8%A2%E0%B8%A7%E0%B8%B4%E0%B8%98%E0%B8%B5%E0%B8%9E%E0%B8%B4%E0%B9%80%E0%B8%A8%E0%B8%A967.pdf,https://eduservice.yru.ac.th/page/?view=aor,448843,3,e86b2a9361d2f1f9df09648e61db66432b9215e6a27c0cf6a42744f801508f1e,needs_ocr_or_font_review,RAG,PENDING_REVIEW,,False,Current/effective status requires content and audience review; not auto-published.
YRU-090,ประกาศมรย. เรื่อง การศึกษาเพิ่มเติมรายวิชาหมวดศึกษาทั่วไป สำหรับนักศึกษาที่ดำเนินการขอยกเว้นหน่วยกิต และนักศึกษาสำเร็จการศึกษาระยะเวลาเกิน 10 ปี พ.ศ. 2567,ACADEMIC_REGULATION,2567,,,downloaded,01-academic/regulations/ประกาศมรย_เร_อง_การศ_กษาเพ_มเต_มรายว_ชาหมวดศ_กษาท_วไป_สำหร_บน_กศ_กษาท_ดำเน_นการขอยกเว_1188e494.pdf,https://eduservice.yru.ac.th/attach/%E0%B8%9B%E0%B8%A3%E0%B8%B0%E0%B8%81%E0%B8%B2%E0%B8%A8%E0%B8%81%E0%B8%B2%E0%B8%A3%E0%B8%A8%E0%B8%B6%E0%B8%81%E0%B8%A9%E0%B8%B2%E0%B9%80%E0%B8%9E%E0%B8%B4%E0%B9%88%E0%B8%A1%E0%B9%80%E0%B8%95%E0%B8%B4%E0%B8%A1%E0%B8%A3%E0%B8%B2%E0%B8%A2%E0%B8%A7%E0%B8%B4%E0%B8%8A%E0%B8%B2%E0%B8%AB%E0%B8%A1%E0%B8%A7%E0%B8%94%E0%B8%A8%E0%B8%B6%E0%B8%81%E0%B8%A9%E0%B8%B2%E0%B8%97%E0%B8%B1%E0%B9%88%E0%B8%A7%E0%B9%84%E0%B8%9B67.pdf,https://eduservice.yru.ac.th/page/?view=aor,182815,1,1188e494b3436f7fcefc5b17baf4baa91344a0ff2e67cd661b784f0e896749d0,needs_ocr_or_font_review,RAG,PENDING_REVIEW,,False,Current/effective status requires content and audience review; not auto-published.
YRU-091,ประกาศมรย. เรื่อง การเทียบโอนผลการเรียนภาษาอังกฤษระดับปริญญาตรี 4 ปี (ภาคปกติ และภาคกศ.บป.) พ.ศ. 2567,TRANSFER_REGULATION,2567,,กศ.บป.,downloaded,01-academic/regulations/ประกาศมรย_เร_อง_การเท_ยบโอนผลการเร_ยนภาษาอ_งกฤษระด_บปร_ญญาตร_4_ป_ภาคปกต_และภาคกศ_บป_พ_0dc71e9a.pdf,https://eduservice.yru.ac.th/attach/%E0%B8%9B%E0%B8%A3%E0%B8%B0%E0%B8%81%E0%B8%B2%E0%B8%A8%E0%B9%80%E0%B8%97%E0%B8%B5%E0%B8%A2%E0%B8%9A%E0%B9%82%E0%B8%AD%E0%B8%99%E0%B8%AD%E0%B8%B1%E0%B8%87%E0%B8%81%E0%B8%A4%E0%B8%A9%E0%B8%9B%E0%B8%95%E0%B8%A3%E0%B8%B567.pdf,https://eduservice.yru.ac.th/page/?view=aor,346952,3,0dc71e9aa9c0a7de4488426d61f94022f32798709eb790ce7e9575db19421227,needs_ocr_or_font_review,RAG,PENDING_REVIEW,,False,Current/effective status requires content and audience review; not auto-published.
YRU-092,ประกาศมรย. เรื่อง แนวทางการรับสมัครนักศึกษาระดับปริญญาตรี ประจำปีการศึกษา 2568,ACADEMIC_REGULATION,2568,,,downloaded,01-academic/regulations/ประกาศมรย_เร_อง_แนวทางการร_บสม_ครน_กศ_กษาระด_บปร_ญญาตร_ประจำป_การศ_กษา_2568_41d9a449.pdf,https://eduservice.yru.ac.th/attach/%E0%B9%81%E0%B8%99%E0%B8%A7%E0%B8%97%E0%B8%B2%E0%B8%87%E0%B8%81%E0%B8%B2%E0%B8%A3%E0%B8%A3%E0%B8%B1%E0%B8%9A%E0%B8%AA%E0%B8%A1%E0%B8%B1%E0%B8%84%E0%B8%A3%E0%B8%99%E0%B8%B1%E0%B8%81%E0%B8%A8%E0%B8%B6%E0%B8%81%E0%B8%A9%E0%B8%B22568.pdf,https://eduservice.yru.ac.th/page/?view=aor,1696311,8,41d9a44914f0da50e18c2de891743377173fc49c4fbbbc121696e18d39cd3267,needs_ocr_or_font_review,RAG,PENDING_REVIEW,,True,Current/effective status requires content and audience review; not auto-published.
YRU-093,ประกาศมรย. เรื่อง หลักเกณฑ์และวิธีการเทียบโอนหน่วยกิตและผลการเรียน การเทียบความรู้หรือประสบการณ์ พ.ศ. 2568,TRANSFER_REGULATION,2568,,,downloaded,01-academic/regulations/ประกาศมรย_เร_อง_หล_กเกณฑ_และว_ธ_การเท_ยบโอนหน_วยก_ตและผลการเร_ยน_การเท_ยบความร_หร_อปร_728110df.pdf,https://eduservice.yru.ac.th/attach/%E0%B8%9B%E0%B8%A3%E0%B8%B0%E0%B8%81%E0%B8%B2%E0%B8%A8%E0%B8%AB%E0%B8%A5%E0%B8%B1%E0%B8%81%E0%B9%80%E0%B8%81%E0%B8%93%E0%B8%91%E0%B9%8C%E0%B8%A7%E0%B8%B4%E0%B8%98%E0%B8%B5%E0%B8%97%E0%B8%B5%E0%B8%A2%E0%B8%9A%E0%B9%82%E0%B8%AD%E0%B8%99%202568.pdf,https://eduservice.yru.ac.th/page/?view=aor,1127137,7,728110df1d551cd455ae8271d2612004977baba84bfb689e008f01ff6c76d609,needs_ocr_or_font_review,RAG,PENDING_REVIEW,,False,Current/effective status requires content and audience review; not auto-published.
YRU-094,ประกาศมรย. เรื่อง หลักเกณฑ์และวิธีการดำเนินการคลังหน่วยกิต พ.ศ. 2568,ACADEMIC_REGULATION,2568,,,downloaded,01-academic/regulations/ประกาศมรย_เร_อง_หล_กเกณฑ_และว_ธ_การดำเน_นการคล_งหน_วยก_ต_พ_ศ_2568_0e7eb864.pdf,https://eduservice.yru.ac.th/attach/%E0%B8%9B%E0%B8%A3%E0%B8%B0%E0%B8%81%E0%B8%B2%E0%B8%A8%E0%B8%AB%E0%B8%A5%E0%B8%B1%E0%B8%81%E0%B9%80%E0%B8%81%E0%B8%93%E0%B8%91%E0%B9%8C%E0%B9%81%E0%B8%A5%E0%B8%B0%E0%B8%A7%E0%B8%B4%E0%B8%98%E0%B8%B5%E0%B8%81%E0%B8%B2%E0%B8%A3%E0%B8%94%E0%B8%B3%E0%B9%80%E0%B8%99%E0%B8%B4%E0%B8%99%E0%B8%81%E0%B8%B2%E0%B8%A3%E0%B8%84%E0%B8%A5%E0%B8%B1%E0%B8%87%E0%B8%AB%E0%B8%99%E0%B9%88%E0%B8%A7%E0%B8%A2%E0%B8%81%E0%B8%B4%E0%B8%9568.pdf,https://eduservice.yru.ac.th/page/?view=aor,1432834,10,0e7eb864a3974f2b17414919ef5086ea1a0116de37b00339356653ca09f80694,needs_ocr_or_font_review,RAG,PENDING_REVIEW,,False,Current/effective status requires content and audience review; not auto-published.
YRU-095,ระเบียบสภาการฝึกหัดครู ว่าด้วยการจ่ายเงินในการดำเนินการสอบคัดเลือกบุคคลเข้าศึกษาในวิทยาลัยครู สำหรับบุคลากรประจำการ 2537,EXAM_REGULATION,2537,,,downloaded,01-academic/regulations/ระเบ_ยบสภาการฝ_กห_ดคร_ว_าด_วยการจ_ายเง_นในการดำเน_นการสอบค_ดเล_อกบ_คคลเข_าศ_กษาในว_ทย_4acd5128.pdf,https://eduservice.yru.ac.th/attach/order_1016.pdf,https://eduservice.yru.ac.th/page/?view=aor,131929,2,4acd512881350b361324eb25904e34d80ebed0a106f52e6b76115f9fee2108ef,needs_ocr_or_font_review,RAG,PENDING_REVIEW,,False,Current/effective status requires content and audience review; not auto-published.
YRU-096,ระเบียบกระทรวงกาารคลัง ว่าด้วยการจ่ายเงินค่าตอบแทนการสอบ 49,EXAM_REGULATION,,,,downloaded,01-academic/regulations/ระเบ_ยบกระทรวงกาารคล_ง_ว_าด_วยการจ_ายเง_นค_าตอบแทนการสอบ_49_1b556f48.pdf,https://eduservice.yru.ac.th/attach/order_1006.pdf,https://eduservice.yru.ac.th/page/?view=aor,136869,5,1b556f48735f305fda86be9ad57e38164473ae8beabdc926612b010432921cfe,needs_ocr_or_font_review,RAG,PENDING_REVIEW,,True,Current/effective status requires content and audience review; not auto-published.
YRU-097,ระเบียบสภา มรย. ว่าด้วยการเทียบโอนผลการเรียน 2552,TRANSFER_REGULATION,2552,,,downloaded,01-academic/regulations/ระเบ_ยบสภา_มรย_ว_าด_วยการเท_ยบโอนผลการเร_ยน_2552_32215f2d.pdf,https://eduservice.yru.ac.th/attach/order_1014.pdf,https://eduservice.yru.ac.th/page/?view=aor,68813,2,32215f2d639f9e92c7cf17b3554b6cf7fd6c114f7af1c895473844eb81483691,needs_ocr_or_font_review,RAG,PENDING_REVIEW,,False,Current/effective status requires content and audience review; not auto-published.
YRU-098,ระเบียบมรย. ว่าด้วยการประเมินผลการปฏิบัติงานของอาจารย์พิเศษ(เต็มเวลาราชการ) 2557,GRADING_REGULATION,2557,,,downloaded,01-academic/regulations/ระเบ_ยบมรย_ว_าด_วยการประเม_นผลการปฏ_บ_ต_งานของอาจารย_พ_เศษ_เต_มเวลาราชการ_2557_6dec71dc.pdf,https://eduservice.yru.ac.th/attach/order_1026.pdf,https://eduservice.yru.ac.th/page/?view=aor,63108,2,6dec71dcc7ea09e1d89e5f520d7d088ff88f0f100f5fa411d73695e4670073e8,needs_ocr_or_font_review,RAG,PENDING_REVIEW,,True,Current/effective status requires content and audience review; not auto-published.
YRU-099,ระเบียบสภามรย. ว่าด้วยการปฏิบัติของผู้เข้าสอบและผู้กำกับการสอบ พ.ศ.2557,EXAM_REGULATION,2557,,,downloaded,01-academic/regulations/ระเบ_ยบสภามรย_ว_าด_วยการปฏ_บ_ต_ของผ_เข_าสอบและผ_กำก_บการสอบ_พ_ศ_2557_d413d5d1.pdf,https://eduservice.yru.ac.th/attach/%E0%B8%A3%E0%B8%B0%E0%B9%80%E0%B8%9A%E0%B8%B5%E0%B8%A2%E0%B8%9A%E0%B8%AA%E0%B8%A0%E0%B8%B2%E0%B8%A1%E0%B8%A3%E0%B8%A2.%20%E0%B8%A7%E0%B9%88%E0%B8%B2%E0%B8%94%E0%B9%89%E0%B8%A7%E0%B8%A2%E0%B8%81%E0%B8%B2%E0%B8%A3%E0%B8%9B%E0%B8%8F%E0%B8%B4%E0%B8%9A%E0%B8%B1%E0%B8%95%E0%B8%B4%E0%B8%82%E0%B8%AD%E0%B8%87%E0%B8%9C%E0%B8%B9%E0%B9%89%E0%B9%80%E0%B8%82%E0%B9%89%E0%B8%B2%E0%B8%AA%E0%B8%AD%E0%B8%9A%E0%B9%81%E0%B8%A5%E0%B8%B0%E0%B8%9C%E0%B8%B9%E0%B9%89%E0%B8%81%E0%B8%B3%E0%B8%81%E0%B8%B1%E0%B8%9A%E0%B8%81%E0%B8%B2%E0%B8%A3%E0%B8%AA%E0%B8%AD%E0%B8%9A%20%E0%B8%9E.%E0%B8%A8.2557.pdf,https://eduservice.yru.ac.th/page/?view=aor,245367,4,d413d5d1550cb69fe4a259b3781a4047970e691f95090c28351aab9d07840623,needs_ocr_or_font_review,RAG,PENDING_REVIEW,,False,Current/effective status requires content and audience review; not auto-published.
YRU-100,ระเบียบสภามรย. ว่าด้วยการเทียบโอนผลการเรียน 2558,TRANSFER_REGULATION,2558,,,downloaded,01-academic/regulations/ระเบ_ยบสภามรย_ว_าด_วยการเท_ยบโอนผลการเร_ยน_2558_8f715972.pdf,https://eduservice.yru.ac.th/attach/order_1017.pdf,https://eduservice.yru.ac.th/page/?view=aor,138952,3,8f7159726b3a6385a1959c6cc001dc3f36ce9e4d095fdaf1c81ab4a64b7659b3,needs_ocr_or_font_review,RAG,PENDING_REVIEW,,False,Current/effective status requires content and audience review; not auto-published.
YRU-101,ระเบียบสภามรย. ว่าด้วยการเทียบโอนผลการเรียน และการเทียบความรู้หรือประสบการณ์ 2561,TRANSFER_REGULATION,2561,,,downloaded,01-academic/regulations/ระเบ_ยบสภามรย_ว_าด_วยการเท_ยบโอนผลการเร_ยน_และการเท_ยบความร_หร_อประสบการณ_2561_ed7db119.pdf,https://eduservice.yru.ac.th/attach/%E0%B8%A3%E0%B8%B0%E0%B9%80%E0%B8%9A%E0%B8%B5%E0%B8%A2%E0%B8%9A%E0%B8%AA%E0%B8%A0%E0%B8%B2%20%E0%B8%81%E0%B8%B2%E0%B8%A3%E0%B9%80%E0%B8%97%E0%B8%B5%E0%B8%A2%E0%B8%9A%E0%B9%82%E0%B8%AD%E0%B8%99%E0%B8%9C%E0%B8%A5%E0%B8%81%E0%B8%B2%E0%B8%A3%E0%B9%80%E0%B8%A3%E0%B8%B5%E0%B8%A2%E0%B8%99%202561.pdf,https://eduservice.yru.ac.th/page/?view=aor,2189232,4,ed7db119c308fd463fbc4bdea2d54157555b12f27ef187fd10a50830e983ae63,needs_ocr_or_font_review,RAG,PENDING_REVIEW,,False,Current/effective status requires content and audience review; not auto-published.
YRU-102,ระเบียบสภามรย. ว่าด้วยการเทียบโอนผลการเรียน การเทียบความรู้หรือประสบการณ์ หรือการยกเว้น 2563,TRANSFER_REGULATION,2563,,,downloaded,01-academic/regulations/ระเบ_ยบสภามรย_ว_าด_วยการเท_ยบโอนผลการเร_ยน_การเท_ยบความร_หร_อประสบการณ_หร_อการยกเว_น__6b214634.pdf,https://eduservice.yru.ac.th/attach/%E0%B8%81%E0%B8%B2%E0%B8%A3%E0%B9%80%E0%B8%97%E0%B8%B5%E0%B8%A2%E0%B8%9A%E0%B9%82%E0%B8%AD%E0%B8%99%E0%B8%9C%E0%B8%A5%E0%B8%81%E0%B8%B2%E0%B8%A3%E0%B9%80%E0%B8%A3%E0%B8%B5%E0%B8%A2%E0%B8%99%20%E0%B8%81%E0%B8%B2%E0%B8%A3%E0%B9%80%E0%B8%97%E0%B8%B5%E0%B8%A2%E0%B8%9A%E0%B8%84%E0%B8%A7%E0%B8%B2%E0%B8%A1%E0%B8%A3%E0%B8%B9%E0%B9%89%E0%B8%AB%E0%B8%A3%E0%B8%B7%E0%B8%AD%E0%B8%9B%E0%B8%A3%E0%B8%B0%E0%B8%AA%E0%B8%9A%E0%B8%81%E0%B8%B2%E0%B8%A3%E0%B8%93%E0%B9%8C63.pdf,https://eduservice.yru.ac.th/page/?view=aor,7992772,4,6b214634d55c89c098828a808693251003513a493d1442403dbcc2f09aa419d2,needs_ocr_or_font_review,RAG,PENDING_REVIEW,,False,Current/effective status requires content and audience review; not auto-published.
YRU-103,ระเบียบสภามรย. ว่าด้วยการจัดการศึกษาระดับปริญญาตรีแบบก้าวหน้า 2563,ACADEMIC_REGULATION,2563,,,downloaded,01-academic/regulations/ระเบ_ยบสภามรย_ว_าด_วยการจ_ดการศ_กษาระด_บปร_ญญาตร_แบบก_าวหน_า_2563_449d71c8.pdf,https://eduservice.yru.ac.th/attach/%E0%B8%81%E0%B8%B2%E0%B8%A3%E0%B8%88%E0%B8%B1%E0%B8%94%E0%B8%81%E0%B8%B2%E0%B8%A3%E0%B8%A8%E0%B8%B6%E0%B8%81%E0%B8%A9%E0%B8%B2%E0%B8%A3%E0%B8%B0%E0%B8%94%E0%B8%B1%E0%B8%9A%E0%B8%9B%E0%B8%A3%E0%B8%B4%E0%B8%8D%E0%B8%8D%E0%B8%B2%E0%B8%95%E0%B8%A3%E0%B8%B5%E0%B9%81%E0%B8%9A%E0%B8%9A%E0%B8%81%E0%B9%89%E0%B8%B2%E0%B8%A7%E0%B8%AB%E0%B8%99%E0%B9%89%E0%B8%B263.pdf,https://eduservice.yru.ac.th/page/?view=aor,4292627,2,449d71c8a62188c13ed7806481e4b90923efec8afb0c032a893ac2364bc82fcc,needs_ocr_or_font_review,RAG,PENDING_REVIEW,,False,Current/effective status requires content and audience review; not auto-published.
YRU-104,ระเบียบสภามรย. ว่าด้วยการจัดการศึกษาระบบคลังหน่วยกิต 2563,ACADEMIC_REGULATION,2563,,,downloaded,01-academic/regulations/ระเบ_ยบสภามรย_ว_าด_วยการจ_ดการศ_กษาระบบคล_งหน_วยก_ต_2563_dc5d267d.pdf,https://eduservice.yru.ac.th/attach/%E0%B8%81%E0%B8%B2%E0%B8%A3%E0%B8%88%E0%B8%B1%E0%B8%94%E0%B8%81%E0%B8%B2%E0%B8%A3%E0%B8%A8%E0%B8%B6%E0%B8%81%E0%B8%A9%E0%B8%B2%E0%B8%A3%E0%B8%B0%E0%B8%9A%E0%B8%9A%E0%B8%84%E0%B8%A5%E0%B8%B1%E0%B8%87%E0%B8%AB%E0%B8%99%E0%B9%88%E0%B8%A7%E0%B8%A2%E0%B8%81%E0%B8%B4%E0%B8%9563.pdf,https://eduservice.yru.ac.th/page/?view=aor,4579776,3,dc5d267d8b847eb9e241c61a6916413ba87cac46ff8ab07998ac0f2540b88fda,needs_ocr_or_font_review,RAG,PENDING_REVIEW,,False,Current/effective status requires content and audience review; not auto-published.
YRU-105,ระเบียบสภามรย. ว่าด้วยการจัดการศึกษาระบบชุดวิชา ระดับปริญญาตรี พ.ศ.2563,ACADEMIC_REGULATION,2563,,,downloaded,01-academic/regulations/ระเบ_ยบสภามรย_ว_าด_วยการจ_ดการศ_กษาระบบช_ดว_ชา_ระด_บปร_ญญาตร_พ_ศ_2563_86a125f8.pdf,https://eduservice.yru.ac.th/attach/order_18122563.pdf,https://eduservice.yru.ac.th/page/?view=aor,1288749,4,86a125f8f3b188a713265344338af3b2dab5200e8577cfe4797a05419b6d80d5,needs_ocr_or_font_review,RAG,PENDING_REVIEW,,False,Current/effective status requires content and audience review; not auto-published.
YRU-106,ระเบียบสภามรย. ว่าด้วยการดำเนินการคลังหน่วยกิต พ.ศ. 2567,ACADEMIC_REGULATION,2567,,,downloaded,01-academic/regulations/ระเบ_ยบสภามรย_ว_าด_วยการดำเน_นการคล_งหน_วยก_ต_พ_ศ_2567_997dd337.pdf,https://eduservice.yru.ac.th/attach/%E0%B8%A3%E0%B8%B0%E0%B9%80%E0%B8%9A%E0%B8%B5%E0%B8%A2%E0%B8%9A%E0%B8%94%E0%B8%B3%E0%B9%80%E0%B8%99%E0%B8%B4%E0%B8%99%E0%B8%81%E0%B8%B2%E0%B8%A3%E0%B8%84%E0%B8%A5%E0%B8%B1%E0%B8%87%E0%B8%AB%E0%B8%99%E0%B9%88%E0%B8%A7%E0%B8%A2%E0%B8%81%E0%B8%B4%E0%B8%9567.pdf,https://eduservice.yru.ac.th/page/?view=aor,74828,7,997dd33747c8d7dee55a478aa3d2f155a6a5e3750811e9c6c3b9567a53cab1ea,text_extractable_sample,RAG,PENDING_REVIEW,,False,Current/effective status requires content and audience review; not auto-published.
YRU-107,ระเบียบมหาวิทยาลัยราชภัฏยะลา ว่าด้วยหลักเกณฑ์และวิธีการเทียบโอนหน่วยกิตและผลการเรียน พ.ศ.2567,TRANSFER_REGULATION,2567,,,downloaded,01-academic/regulations/ระเบ_ยบมหาว_ทยาล_ยราชภ_ฏยะลา_ว_าด_วยหล_กเกณฑ_และว_ธ_การเท_ยบโอนหน_วยก_ตและผลการเร_ยน__efde0a50.pdf,https://eduservice.yru.ac.th/attach/%E0%B8%A3%E0%B8%B0%E0%B9%80%E0%B8%9A%E0%B8%B5%E0%B8%A2%E0%B8%9A%E0%B8%AF%E0%B8%81%E0%B8%B2%E0%B8%A3%E0%B9%80%E0%B8%97%E0%B8%B5%E0%B8%A2%E0%B8%9A%E0%B9%82%E0%B8%AD%E0%B8%9968.pdf,https://eduservice.yru.ac.th/page/?view=aor,824190,5,efde0a50bd0b559821f71b97c002ffabef585b3ee12ed92be637535cd29c4bc4,needs_ocr_or_font_review,RAG,PENDING_REVIEW,,False,Current/effective status requires content and audience review; not auto-published.
YRU-108,ข้อบังคับสภาามรย.ว่าด้วยการจัดการศึกษาระดับปริญญาตรี 2551,ACADEMIC_REGULATION,2551,,,downloaded,01-academic/regulations/ข_อบ_งค_บสภาามรย_ว_าด_วยการจ_ดการศ_กษาระด_บปร_ญญาตร_2551_75804fd8.pdf,https://eduservice.yru.ac.th/attach/rule_1018.pdf,https://eduservice.yru.ac.th/page/?view=aor,203522,13,75804fd8c6effe38a1254ded9ec2357681ff7164cf8a08b197728be0016cd1e2,needs_ocr_or_font_review,RAG,PENDING_REVIEW,,False,Current/effective status requires content and audience review; not auto-published.
YRU-109,ข้อบังคับสภาามรย.ว่าด้วยการจัดการศึกษาระดับบัณฑิตศึกษา 2552,ACADEMIC_REGULATION,2552,,,downloaded,01-academic/regulations/ข_อบ_งค_บสภาามรย_ว_าด_วยการจ_ดการศ_กษาระด_บบ_ณฑ_ตศ_กษา_2552_34d735e9.pdf,https://eduservice.yru.ac.th/attach/rule_1016.pdf,https://eduservice.yru.ac.th/page/?view=aor,163884,12,34d735e915a57fb249c9c2f57f72aa8b7043c1c0269c3460f8a56ed10f856101,needs_ocr_or_font_review,RAG,PENDING_REVIEW,,False,Current/effective status requires content and audience review; not auto-published.
YRU-110,ข้อบังคับการจัดการศึกษาระดับปริญญาตรี(ฉบับ3) พ.ศ.2554,ACADEMIC_REGULATION,2554,,,downloaded,01-academic/regulations/ข_อบ_งค_บการจ_ดการศ_กษาระด_บปร_ญญาตร_ฉบ_บ3_พ_ศ_2554_3b24dbd3.pdf,https://eduservice.yru.ac.th/attach/rule_1002.pdf,https://eduservice.yru.ac.th/page/?view=aor,35114,1,3b24dbd384a9eced3127a31263ebd3afa9e90b81388ba27279c43e9cc5f8a87b,needs_ocr_or_font_review,RAG,PENDING_REVIEW,,False,Current/effective status requires content and audience review; not auto-published.
YRU-111,ข้อบังคับสภาามรย.ว่าด้วยการจัดการศึกษาระดับป.ตรี (ฉบับ2) 54,ACADEMIC_REGULATION,,,,downloaded,01-academic/regulations/ข_อบ_งค_บสภาามรย_ว_าด_วยการจ_ดการศ_กษาระด_บป_ตร_ฉบ_บ2_54_33c8ca09.pdf,https://eduservice.yru.ac.th/attach/rule_1017.pdf,https://eduservice.yru.ac.th/page/?view=aor,43836,1,33c8ca09d34b6c7239e92fa07f621d5a7a8c026f2f3559b6db5e4f3fd87185e2,needs_ocr_or_font_review,RAG,PENDING_REVIEW,,False,Current/effective status requires content and audience review; not auto-published.
YRU-112,ข้อบังคับสภามหาวิทยาลัย ว่าด้วยการจัดการศึกษาระดับปริญญาตรี ฉบับที่ 4 พ.ศ.2558,ACADEMIC_REGULATION,2558,,,downloaded,01-academic/regulations/ข_อบ_งค_บสภามหาว_ทยาล_ย_ว_าด_วยการจ_ดการศ_กษาระด_บปร_ญญาตร_ฉบ_บท_4_พ_ศ_2558_fca840db.pdf,https://eduservice.yru.ac.th/attach/rule_1010.pdf,https://eduservice.yru.ac.th/page/?view=aor,165293,3,fca840db0f091a856b338f8963815f96ff444e21a8116799c4415edfa134d9b3,needs_ocr_or_font_review,RAG,PENDING_REVIEW,,False,Current/effective status requires content and audience review; not auto-published.
YRU-113,ข้อบังคับสภามหาวิทยาลัยราชภัฏยะลา ว่าด้วยการจัดการศึกษาระดับปริญญาตรี ฉบับที่ 5 พ.ศ.2559,ACADEMIC_REGULATION,2559,,,downloaded,01-academic/regulations/ข_อบ_งค_บสภามหาว_ทยาล_ยราชภ_ฏยะลา_ว_าด_วยการจ_ดการศ_กษาระด_บปร_ญญาตร_ฉบ_บท_5_พ_ศ_2559_7040e215.pdf,https://eduservice.yru.ac.th/attach/rule_1019_%E0%B8%82%E0%B9%89%E0%B8%AD%E0%B8%9A%E0%B8%B1%E0%B8%87%E0%B8%84%E0%B8%B1%E0%B8%9A%20%E0%B8%A7%E0%B9%88%E0%B8%B2%E0%B8%94%E0%B9%89%E0%B8%A7%E0%B8%A2%E0%B8%81%E0%B8%B2%E0%B8%A3%E0%B8%88%E0%B8%B1%E0%B8%94%E0%B8%81%E0%B8%B2%E0%B8%A3%E0%B8%A8%E0%B8%B6%E0%B8%81%E0%B8%A9%E0%B8%B2%E0%B8%9B.%E0%B8%95%E0%B8%A3%E0%B8%B5%20%E0%B8%89%E0%B8%9A%E0%B8%B1%E0%B8%9A%E0%B8%97%E0%B8%B5%E0%B9%88%205%20%E0%B8%9E.%E0%B8%A8.2559.pdf,https://eduservice.yru.ac.th/page/?view=aor,59707,2,7040e215f28824d912d73a66fd69afcfef2b9fa6e35e379b001ed25da556eb8e,needs_ocr_or_font_review,RAG,PENDING_REVIEW,,False,Current/effective status requires content and audience review; not auto-published.
YRU-114,ข้อบังคับสภามรย. ว่าด้วยการจัดการศึกษาระดับปริญญาตรี(ฉบับที่ 6) 2561,ACADEMIC_REGULATION,2561,,,downloaded,01-academic/regulations/ข_อบ_งค_บสภามรย_ว_าด_วยการจ_ดการศ_กษาระด_บปร_ญญาตร_ฉบ_บท_6_2561_1f647da9.pdf,https://eduservice.yru.ac.th/attach/%E0%B8%82%E0%B9%89%E0%B8%AD%E0%B8%9A%E0%B8%B1%E0%B8%87%E0%B8%84%E0%B8%B1%E0%B8%9A%E0%B8%AA%E0%B8%A0%E0%B8%B2%20%E0%B8%81%E0%B8%B2%E0%B8%A3%E0%B8%88%E0%B8%B1%E0%B8%94%E0%B8%81%E0%B8%B2%E0%B8%A3%E0%B8%A8%E0%B8%B6%E0%B8%81%E0%B8%A9%E0%B8%B2%E0%B8%9B.%E0%B8%95%E0%B8%A3%E0%B8%B5%202561.pdf,https://eduservice.yru.ac.th/page/?view=aor,1629025,3,1f647da90ef29d72b179ea81866ec5d81601417f4a8deae592650ab413947df6,needs_ocr_or_font_review,RAG,PENDING_REVIEW,,False,Current/effective status requires content and audience review; not auto-published.
YRU-115,ข้อบังคับสภามรย. ว่าด้วย การจัดการศึกษาระดับปริญญาตรี พ.ศ. 2566,ACADEMIC_REGULATION,2566,,,downloaded,01-academic/regulations/ข_อบ_งค_บสภามรย_ว_าด_วย_การจ_ดการศ_กษาระด_บปร_ญญาตร_พ_ศ_2566_3cf5f44b.pdf,https://eduservice.yru.ac.th/attach/%E0%B8%82%E0%B9%89%E0%B8%AD%E0%B8%9A%E0%B8%B1%E0%B8%87%E0%B8%84%E0%B8%B1%E0%B8%9A%E0%B8%88%E0%B8%B1%E0%B8%94%E0%B8%81%E0%B8%B2%E0%B8%A3%E0%B8%A8%E0%B8%B6%E0%B8%81%E0%B8%A9%E0%B8%B2%E0%B8%9B.%E0%B8%95%E0%B8%A3%E0%B8%B566.pdf,https://eduservice.yru.ac.th/page/?view=aor,451484,13,3cf5f44b81c07534aede040b92d9055dbba423a9e0584e672466b705f321ed9c,needs_ocr_or_font_review,RAG,PENDING_REVIEW,,False,Current/effective status requires content and audience review; not auto-published.
YRU-116,ข้อบังคับสภามรย. ว่าด้วย การจัดการศึกษาระดับบัณฑิตศึกษา พ.ศ. 2566,ACADEMIC_REGULATION,2566,,,downloaded,01-academic/regulations/ข_อบ_งค_บสภามรย_ว_าด_วย_การจ_ดการศ_กษาระด_บบ_ณฑ_ตศ_กษา_พ_ศ_2566_9b744269.pdf,https://eduservice.yru.ac.th/attach/%E0%B8%82%E0%B9%89%E0%B8%AD%E0%B8%9A%E0%B8%B1%E0%B8%87%E0%B8%84%E0%B8%B1%E0%B8%9A%E0%B8%81%E0%B8%B2%E0%B8%A3%E0%B8%88%E0%B8%B1%E0%B8%94%E0%B8%81%E0%B8%B2%E0%B8%A3%E0%B8%A8%E0%B8%B6%E0%B8%81%E0%B8%A9%E0%B8%B2%E0%B8%9A%E0%B8%B1%E0%B8%93%E0%B8%91%E0%B8%B4%E0%B8%9566.pdf,https://eduservice.yru.ac.th/page/?view=aor,365949,11,9b7442698641bbcbd100e1b9fc9ef65743e64cb49d333e3cfe24776ca539e4b3,needs_ocr_or_font_review,RAG,PENDING_REVIEW,,False,Current/effective status requires content and audience review; not auto-published.
YRU-117,view,TUITION_FEE,,,,downloaded,01-academic/fees/view_28640838.pdf,https://drive.google.com/file/d/1rK4nKWjIOF0LqtkHJNvnNK097omfUiSO/view,https://eduservice.yru.ac.th/page/?view=fee,52229,1,286408385c326077c94327d5093697cabfc3716449c91c9812782e9c53c7b7b3,text_extractable_sample,BOTH,PENDING_REVIEW,,True,Untitled footer download; outside verified tuition/helpdesk topic. Retained as archive-only; not a tuition source.
YRU-118,ตารางเทียบโอนสาขาอิสลามศึกษาหลักสูตรปรับปรุง 2568,TRANSFER_COURSE_TABLE,2568,,,downloaded,01-academic/transfer-tables/ตารางเท_ยบโอนสาขาอ_สลามศ_กษาหล_กส_ตรปร_บปร_ง_2568_348c9988.pdf,https://eduservice.yru.ac.th/files/17/%E0%B8%AD%E0%B8%B4%E0%B8%AA%E0%B8%A5%E0%B8%B2%E0%B8%A1%E0%B8%A8%E0%B8%B6%E0%B8%81%E0%B8%A9%E0%B8%B2%E0%B8%9B%E0%B8%A3%E0%B8%B1%E0%B8%9A%E0%B8%9B%E0%B8%A3%E0%B8%B8%E0%B8%87%2068.pdf,https://eduservice.yru.ac.th/page/?group=17&view=standard,170289,1,348c99885fb2e692240c7ec5adb6bae01b81eb2c2e50c303c48390d05c728a8f,needs_ocr_or_font_review,BOTH,PENDING_REVIEW,,False,Current/effective status requires content and audience review; not auto-published.
YRU-119,ตารางเทียบโอนสาขานวัตกรรมการพัฒนาชุมชนหลักสูตรปรับปรุง 2568,TRANSFER_COURSE_TABLE,2568,,,downloaded,01-academic/transfer-tables/ตารางเท_ยบโอนสาขานว_ตกรรมการพ_ฒนาช_มชนหล_กส_ตรปร_บปร_ง_2568_6ba82de3.pdf,https://eduservice.yru.ac.th/files/17/%E0%B8%9E%E0%B8%B1%E0%B8%92%E0%B8%99%E0%B8%B2%E0%B8%8A%E0%B8%B8%E0%B8%A1%E0%B8%8A%E0%B8%99%E0%B8%9B%E0%B8%A3%E0%B8%B1%E0%B8%9A%E0%B8%9B%E0%B8%A3%E0%B8%B8%E0%B8%87%2068.pdf,https://eduservice.yru.ac.th/page/?group=17&view=standard,4555564,10,6ba82de30074d5a1dc199ae3e3ab7c74a9269618f30c406323ddd575f2682de0,needs_ocr_or_font_review,BOTH,PENDING_REVIEW,,False,Current/effective status requires content and audience review; not auto-published.
YRU-120,ตารางเทียบโอนหลักสูตรบัญชีปรับปรุง 2568,TRANSFER_COURSE_TABLE,2568,,,downloaded,01-academic/transfer-tables/ตารางเท_ยบโอนหล_กส_ตรบ_ญช_ปร_บปร_ง_2568_5cfe209d.pdf,https://eduservice.yru.ac.th/files/17/%E0%B8%9A%E0%B8%B1%E0%B8%8D%E0%B8%8A%E0%B8%B5%E0%B8%9B%E0%B8%A3%E0%B8%B1%E0%B8%9A%E0%B8%9B%E0%B8%A3%E0%B8%B8%E0%B8%87%2068.pdf,https://eduservice.yru.ac.th/page/?group=17&view=standard,368212,2,5cfe209df01b01a0ca249867c8dbfcd9b2c080b458ccde13347d5486acaf2ea5,needs_ocr_or_font_review,BOTH,PENDING_REVIEW,,False,Current/effective status requires content and audience review; not auto-published.
YRU-121,ตารางเทียบโอนหลักสูตรนิติศาสตร์ปรับปรุง 2568,TRANSFER_COURSE_TABLE,2568,,,downloaded,01-academic/transfer-tables/ตารางเท_ยบโอนหล_กส_ตรน_ต_ศาสตร_ปร_บปร_ง_2568_6d504599.pdf,https://eduservice.yru.ac.th/files/17/%E0%B8%99%E0%B8%B4%E0%B8%95%E0%B8%B4%E0%B8%A8%E0%B8%B2%E0%B8%AA%E0%B8%95%E0%B8%A3%E0%B9%8C%E0%B8%AB%E0%B8%A5%E0%B8%B1%E0%B8%81%E0%B8%AA%E0%B8%B9%E0%B8%95%E0%B8%A3%E0%B8%9B%E0%B8%A3%E0%B8%B1%E0%B8%9A%E0%B8%9B%E0%B8%A3%E0%B8%B8%E0%B8%87%2068.pdf,https://eduservice.yru.ac.th/page/?group=17&view=standard,388224,2,6d5045997d39780e2e6acfbaf4872f938f3628c8ae087990b90b6953b163c9ee,needs_ocr_or_font_review,BOTH,PENDING_REVIEW,,False,Current/effective status requires content and audience review; not auto-published.
YRU-122,ตารางเทียบโอนสาขาเทคโนโลยีและนวัตกรรมการเกษตรหลักสูตรปรับปรุง 2568,TRANSFER_COURSE_TABLE,2568,,,downloaded,01-academic/transfer-tables/ตารางเท_ยบโอนสาขาเทคโนโลย_และนว_ตกรรมการเกษตรหล_กส_ตรปร_บปร_ง_2568_ba7f9d62.pdf,https://eduservice.yru.ac.th/files/17/%E0%B8%99%E0%B8%A7%E0%B8%B1%E0%B8%95%E0%B8%81%E0%B8%A3%E0%B8%A3%E0%B8%A1%E0%B8%81%E0%B8%B2%E0%B8%A3%E0%B9%80%E0%B8%81%E0%B8%A9%E0%B8%95%E0%B8%A3%E0%B8%9B%E0%B8%A3%E0%B8%B1%E0%B8%9A%E0%B8%9B%E0%B8%A3%E0%B8%B8%E0%B8%87%2068.pdf,https://eduservice.yru.ac.th/page/?group=17&view=standard,1036470,2,ba7f9d62e8584c97b3d6eb4ede437e342998d608f47ab0df093bd8afc24b6e26,needs_ocr_or_font_review,BOTH,PENDING_REVIEW,,False,Current/effective status requires content and audience review; not auto-published.
YRU-123,ตารางเทียบโอนสาขาคอมพิวเตอร์ธุรกิจและเทคโนโลยีดิจิทัลหลักสูตรปรับปรุง 2568,TRANSFER_COURSE_TABLE,2568,,,downloaded,01-academic/transfer-tables/ตารางเท_ยบโอนสาขาคอมพ_วเตอร_ธ_รก_จและเทคโนโลย_ด_จ_ท_ลหล_กส_ตรปร_บปร_ง_2568_99cea5c4.pdf,https://eduservice.yru.ac.th/files/17/%E0%B8%84%E0%B8%AD%E0%B8%A1%E0%B8%9E%E0%B8%B4%E0%B8%A7%E0%B9%80%E0%B8%95%E0%B8%AD%E0%B8%A3%E0%B9%8C%E0%B8%98%E0%B8%B8%E0%B8%A3%E0%B8%81%E0%B8%B4%E0%B8%88%E0%B8%AF%E0%B8%9B%E0%B8%A3%E0%B8%B1%E0%B8%9A%E0%B8%9B%E0%B8%A3%E0%B8%B8%E0%B8%87%2068.pdf,https://eduservice.yru.ac.th/page/?group=17&view=standard,437442,3,99cea5c4b9f9af4af48c431aed03368212d1b21a5bcc3ec71b74a2957cebed96,needs_ocr_or_font_review,BOTH,PENDING_REVIEW,,False,Current/effective status requires content and audience review; not auto-published.
YRU-124,ตารางเทียบโอนสาขาการประกอบการอาหารฮาลาลหลักสูตรปรับปรุง 2568,TRANSFER_COURSE_TABLE,2568,,,downloaded,01-academic/transfer-tables/ตารางเท_ยบโอนสาขาการประกอบการอาหารฮาลาลหล_กส_ตรปร_บปร_ง_2568_299f3cec.pdf,https://eduservice.yru.ac.th/files/17/%E0%B8%81%E0%B8%B2%E0%B8%A3%E0%B8%9B%E0%B8%A3%E0%B8%B0%E0%B8%81%E0%B8%AD%E0%B8%9A%E0%B8%81%E0%B8%B2%E0%B8%A3%E0%B8%AD%E0%B8%B2%E0%B8%AB%E0%B8%B2%E0%B8%A3%E0%B8%AE%E0%B8%B2%E0%B8%A5%E0%B8%B2%E0%B8%A5%2068.pdf,https://eduservice.yru.ac.th/page/?group=17&view=standard,1105558,2,299f3cec815a4e944cf0da005eca7d1a93a7fdf70ac3983a82e757308c81d1e4,needs_ocr_or_font_review,BOTH,PENDING_REVIEW,,False,Current/effective status requires content and audience review; not auto-published.
YRU-125,ตารางเทียบโอนสาขาการจัดการหลักสูตรปรับปรุง 2568,TRANSFER_COURSE_TABLE,2568,,,downloaded,01-academic/transfer-tables/ตารางเท_ยบโอนสาขาการจ_ดการหล_กส_ตรปร_บปร_ง_2568_466a21c2.pdf,https://eduservice.yru.ac.th/files/17/%E0%B8%81%E0%B8%B2%E0%B8%A3%E0%B8%88%E0%B8%B1%E0%B8%94%E0%B8%81%E0%B8%B2%E0%B8%A3%E0%B8%9B%E0%B8%A3%E0%B8%B1%E0%B8%9A%E0%B8%9B%E0%B8%A3%E0%B8%B8%E0%B8%87%2068.pdf,https://eduservice.yru.ac.th/page/?group=17&view=standard,590056,4,466a21c20655e58b85c35b3ae6838f0a38aa6cb5f2d04a5dc68b8fbe3ff17aca,needs_ocr_or_font_review,BOTH,PENDING_REVIEW,,False,Current/effective status requires content and audience review; not auto-published.
YRU-126,ตารางเทียบโอนสาขาการจัดการธุรกิจค้าปลีกสมัยใหม่หลักสูตรปรับปรุง 2568,TRANSFER_COURSE_TABLE,2568,,,downloaded,01-academic/transfer-tables/ตารางเท_ยบโอนสาขาการจ_ดการธ_รก_จค_าปล_กสม_ยใหม_หล_กส_ตรปร_บปร_ง_2568_b8ffcbd9.pdf,https://eduservice.yru.ac.th/files/17/%E0%B8%98%E0%B8%B8%E0%B8%A3%E0%B8%81%E0%B8%B4%E0%B8%88%E0%B8%84%E0%B9%89%E0%B8%B2%E0%B8%9B%E0%B8%A5%E0%B8%B5%E0%B8%81%E0%B8%AA%E0%B8%A1%E0%B8%B1%E0%B8%A2%E0%B9%83%E0%B8%AB%E0%B8%A1%E0%B9%88%E0%B8%9B%E0%B8%A3%E0%B8%B1%E0%B8%9A%E0%B8%9B%E0%B8%A3%E0%B8%B8%E0%B8%87%2068.pdf,https://eduservice.yru.ac.th/page/?group=17&view=standard,266942,2,b8ffcbd91d3f604a7a1fb706cdc366e81213ebbc209a3a8ae466b48c9d021a2c,needs_ocr_or_font_review,BOTH,PENDING_REVIEW,,False,Current/effective status requires content and audience review; not auto-published.
YRU-127,ตารางเทียบโอนหลักสูตรรัฐประศาสนศาสตร์ปรับปรุง 2568,TRANSFER_COURSE_TABLE,2568,,,downloaded,01-academic/transfer-tables/ตารางเท_ยบโอนหล_กส_ตรร_ฐประศาสนศาสตร_ปร_บปร_ง_2568_23a672f0.pdf,https://eduservice.yru.ac.th/files/17/%E0%B8%A3%E0%B8%9B%E0%B8%A8.%E0%B8%9B%E0%B8%A3%E0%B8%B1%E0%B8%9A%E0%B8%9B%E0%B8%A3%E0%B8%B8%E0%B8%87%2068.pdf,https://eduservice.yru.ac.th/page/?group=17&view=standard,335479,2,23a672f037603c6744528f60787c12e436b63cd44443a376b97e695f7209b4d1,needs_ocr_or_font_review,BOTH,PENDING_REVIEW,,False,Current/effective status requires content and audience review; not auto-published.
YRU-128,คู่มือ เทียบโอนผลการเรียน,TRANSFER_GUIDE,,,,downloaded,01-academic/guides/ค_ม_อ_เท_ยบโอนผลการเร_ยน_c2884ee9.pdf,https://eduservice.yru.ac.th/tiab/pages/docs/%E0%B8%84%E0%B8%B9%E0%B9%88%E0%B8%A1%E0%B8%B7%E0%B8%AD%E0%B9%80%E0%B8%97%E0%B8%B5%E0%B8%A2%E0%B8%9A%E0%B9%82%E0%B8%AD%E0%B8%99%E0%B8%9C%E0%B8%A5%E0%B8%81%E0%B8%B2%E0%B8%A3%E0%B9%80%E0%B8%A3%E0%B8%B5%E0%B8%A2%E0%B8%9968.pdf,https://eduservice.yru.ac.th/tiab/pages/?menu=manual,1891757,28,c2884ee9a45e60f1d51837d377b681886b605932416eca2cc40689d74f29d384,needs_ocr_or_font_review,BOTH,PENDING_REVIEW,,False,Current/effective status requires content and audience review; not auto-published.
YRU-129,คู่มือ การยกเว้นหน่วยกิต,TRANSFER_GUIDE,,,,downloaded,01-academic/guides/ค_ม_อ_การยกเว_นหน_วยก_ต_541d7270.pdf,https://eduservice.yru.ac.th/tiab/pages/docs/%E0%B8%84%E0%B8%B9%E0%B9%88%E0%B8%A1%E0%B8%B7%E0%B8%AD%E0%B8%81%E0%B8%B2%E0%B8%A3%E0%B8%A2%E0%B8%81%E0%B9%80%E0%B8%A7%E0%B9%89%E0%B8%99%E0%B8%AB%E0%B8%99%E0%B9%88%E0%B8%A7%E0%B8%A2%E0%B8%81%E0%B8%B4%E0%B8%9566.pdf,https://eduservice.yru.ac.th/tiab/pages/?menu=manual,1537648,16,541d7270d4e768c0e9bcf88ed0bca34b3c0a026a671b3680cfc4442c668fe592,text_extractable_sample,BOTH,PENDING_REVIEW,,False,Current/effective status requires content and audience review; not auto-published.
YRU-130,student_handbook_2569_index,REGISTRATION_GUIDE,,,,downloaded,01-academic/handbooks/student_handbook_2569_index_7ee94207.html,https://acdservice.yru.ac.th/page/425/%E0%B8%84%E0%B8%B9%E0%B9%88%E0%B8%A1%E0%B8%B7%E0%B8%AD%E0%B8%99%E0%B8%B1%E0%B8%81%E0%B8%A8%E0%B8%B6%E0%B8%81%E0%B8%A9%E0%B8%B2.html,https://acdservice.yru.ac.th/page/425/คู่มือนักศึกษา.html,26385,,7ee94207d5289e6eb2e6e6147afe629fdc84c035d05c41df829032d3b7dcb328,html_snapshot_needs_main_content_review,RAG,PENDING_REVIEW,,False,Current/effective status requires content and audience review; not auto-published.
YRU-131,citizen_guides_new_site,TRANSFER_GUIDE,,,,downloaded,01-academic/guides/citizen_guides_new_site_2c3024e1.html,https://acdservice.yru.ac.th/page/28/%E0%B8%84%E0%B8%B9%E0%B9%88%E0%B8%A1%E0%B8%B7%E0%B8%AD%E0%B8%9B%E0%B8%A3%E0%B8%B0%E0%B8%8A%E0%B8%B2%E0%B8%8A%E0%B8%99.html,https://acdservice.yru.ac.th/page/28/คู่มือประชาชน.html,29121,,2c3024e19181f92c3f24e1b549a904618d8d27c6469dfba92bb1f84ffc7b8f11,html_snapshot_needs_main_content_review,RAG,PENDING_REVIEW,,False,Current/effective status requires content and audience review; not auto-published.
YRU-132,admissions_fees_2569_parttime,TUITION_FEE,,,,downloaded,01-academic/fees/admissions_fees_2569_parttime_35b7789b.html,https://acdservice.yru.ac.th/page/233/%E0%B8%A3%E0%B8%B1%E0%B8%9A%E0%B8%AA%E0%B8%A1%E0%B8%B1%E0%B8%84%E0%B8%A3%E0%B8%9A%E0%B8%B8%E0%B8%84%E0%B8%84%E0%B8%A5%E0%B9%80%E0%B8%82%E0%B9%89%E0%B8%B2%E0%B8%A8%E0%B8%B6%E0%B8%81%E0%B8%A9%E0%B8%B2%E0%B8%95%E0%B9%88%E0%B8%AD%E0%B8%95%E0%B8%B2%E0%B8%A1%E0%B9%82%E0%B8%84%E0%B8%A3%E0%B8%87%E0%B8%81%E0%B8%B2%E0%B8%A3_%E0%B8%81%E0%B8%A8.%E0%B8%9A%E0%B8%9B._%E0%B8%A3%E0%B8%B8%E0%B9%88%E0%B8%99%E0%B8%97%E0%B8%B5%E0%B9%88_41_%E0%B8%9B%E0%B8%A3%E0%B8%B0%E0%B8%88%E0%B8%B3%E0%B8%9B%E0%B8%B5%E0%B8%81%E0%B8%B2%E0%B8%A3%E0%B8%A8%E0%B8%B6%E0%B8%81%E0%B8%A9%E0%B8%B2_2569.html,https://acdservice.yru.ac.th/page/233/รับสมัครบุคคลเข้าศึกษาต่อตามโครงการ_กศ.บป._รุ่นที่_41_ประจำปีการศึกษา_2569.html,39595,,35b7789b96c8e1f3b2b8954c32b8fd41f7b66bb55c469e95eb018f55ff2aa642,html_snapshot_needs_main_content_review,BOTH,PENDING_REVIEW,,False,Current/effective status requires content and audience review; not auto-published.
YRU-133,คู่มือนักศึกษา ประจำปีการศึกษา 2569,REGISTRATION_GUIDE,2569,,,downloaded,01-academic/handbooks/student_handbook_2569_7871a1e7.pdf,https://drive.google.com/file/d/1kenKfpSFVefub6Lpn7cDBZXK3haxMtvg/view?usp=sharing,https://acdservice.yru.ac.th/page/425/คู่มือนักศึกษา.html,316812219,536,7871a1e75697e80071c9eb521024e573dfef2ceaa7c723f58846342152fa82dc,needs_ocr_or_font_review,RAG,PENDING_REVIEW,,False,Current/effective status requires content and audience review; not auto-published.
YRU-134,การเทียบโอนผลการเรียน,TRANSFER_GUIDE,,,,downloaded,01-academic/guides/การเท_ยบโอนผลการเร_ยน_14f7a88f.pdf,https://drive.google.com/file/d/1yP8GXKkibwhoEIXWOpzpleC407uAg0C2/view?usp=sharing,https://acdservice.yru.ac.th/page/28/%E0%B8%84%E0%B8%B9%E0%B9%88%E0%B8%A1%E0%B8%B7%E0%B8%AD%E0%B8%9B%E0%B8%A3%E0%B8%B0%E0%B8%8A%E0%B8%B2%E0%B8%8A%E0%B8%99.html,121512,1,14f7a88f0d015abb7d0a4c8db0afa22ceaa7346f48e8cf36378793d4067c9760,text_extractable_sample,BOTH,PENDING_REVIEW,,False,Official newer-site service guide; index publication date is not document effective date.
YRU-135,การขอคำอธิบายรายวิชา,REGISTRATION_GUIDE,,,,downloaded,01-academic/guides/การขอคำอธ_บายรายว_ชา_14731edc.pdf,https://drive.google.com/file/d/1KVcjrQk_kEJorTWvAefkrA6AmC3eCcyA/view?usp=sharing,https://acdservice.yru.ac.th/page/28/%E0%B8%84%E0%B8%B9%E0%B9%88%E0%B8%A1%E0%B8%B7%E0%B8%AD%E0%B8%9B%E0%B8%A3%E0%B8%B0%E0%B8%8A%E0%B8%B2%E0%B8%8A%E0%B8%99.html,123473,1,14731edc3d725a1d1dcd213298f1bd1546e52c4e687d9b6a1d513f98498676cd,text_extractable_sample,BOTH,PENDING_REVIEW,,False,Official newer-site service guide; index publication date is not document effective date.
YRU-136,การยกเว้นหน่วยกิต,TRANSFER_GUIDE,,,,downloaded,01-academic/guides/การยกเว_นหน_วยก_ต_95baa0bf.pdf,https://drive.google.com/file/d/1XDkMUUEIiNxsSRxWITiIMESo5YUE7-wA/view?usp=sharing,https://acdservice.yru.ac.th/page/28/%E0%B8%84%E0%B8%B9%E0%B9%88%E0%B8%A1%E0%B8%B7%E0%B8%AD%E0%B8%9B%E0%B8%A3%E0%B8%B0%E0%B8%8A%E0%B8%B2%E0%B8%8A%E0%B8%99.html,154136,1,95baa0bf567696bc533bf240bb11db3d7aa2e6b7250560b8850a69580e1fbd8d,text_extractable_sample,BOTH,PENDING_REVIEW,,False,Official newer-site service guide; index publication date is not document effective date.
YRU-137,การเทียบโอนผลการเรียนภาษาอังกฤษ YRU-TEP,TRANSFER_GUIDE,,,,downloaded,01-academic/guides/การเท_ยบโอนผลการเร_ยนภาษาอ_งกฤษ_YRU-TEP_36c086d0.pdf,https://drive.google.com/file/d/1GaEfxodUK3PPfQiOwfz9lau2HLIJPScH/view?usp=sharing,https://acdservice.yru.ac.th/page/28/%E0%B8%84%E0%B8%B9%E0%B9%88%E0%B8%A1%E0%B8%B7%E0%B8%AD%E0%B8%9B%E0%B8%A3%E0%B8%B0%E0%B8%8A%E0%B8%B2%E0%B8%8A%E0%B8%99.html,168365,1,36c086d08aa01c9be77cf4e9463eba76f671630089c58c85965ccdde95557eef,text_extractable_sample,BOTH,PENDING_REVIEW,,False,Official newer-site service guide; index publication date is not document effective date.
YRU-138,การขอใบรับรองกำลังรออนุมัติ,CERTIFICATE_GUIDE,,,,downloaded,01-academic/guides/การขอใบร_บรองกำล_งรออน_ม_ต_43a2fe0a.pdf,https://drive.google.com/file/d/1Ux8v1fNAEE3BkP6Pk_w5CPP4X0z4hl09/view?usp=sharing,https://acdservice.yru.ac.th/page/28/%E0%B8%84%E0%B8%B9%E0%B9%88%E0%B8%A1%E0%B8%B7%E0%B8%AD%E0%B8%9B%E0%B8%A3%E0%B8%B0%E0%B8%8A%E0%B8%B2%E0%B8%8A%E0%B8%99.html,134693,1,43a2fe0abbf67ea0adf2722c73c05e1685bbeffdb9d3d10825ce3fd786f564df,text_extractable_sample,BOTH,PENDING_REVIEW,,False,Official newer-site service guide; index publication date is not document effective date.
YRU-139,การขอใบรายงานผลการศึกษา (Transcript),TRANSCRIPT_GUIDE,,,,downloaded,01-academic/guides/การขอใบรายงานผลการศ_กษา_Transcript_dd38d2a7.pdf,https://drive.google.com/file/d/1BRMhfR1q6OTGIEFc-pz7QttT5AbRqj7Q/view?usp=sharing,https://acdservice.yru.ac.th/page/28/%E0%B8%84%E0%B8%B9%E0%B9%88%E0%B8%A1%E0%B8%B7%E0%B8%AD%E0%B8%9B%E0%B8%A3%E0%B8%B0%E0%B8%8A%E0%B8%B2%E0%B8%8A%E0%B8%99.html,136621,1,dd38d2a7154cbedf090c2882f1a2046de02610d4338f462e25bc8d8fabbb3762,text_extractable_sample,BOTH,PENDING_REVIEW,,False,Official newer-site service guide; index publication date is not document effective date.
YRU-140,การขอใบรายงานผลการศึกษา (เข้าศึกษาก่อนปี 2549),TRANSCRIPT_GUIDE,,,,downloaded,01-academic/guides/การขอใบรายงานผลการศ_กษา_เข_าศ_กษาก_อนป_2549_507f0aec.pdf,https://drive.google.com/file/d/1BpzNLyPy7WpvABodp7gBLQWxBYHrCtdd/view?usp=sharing,https://acdservice.yru.ac.th/page/28/%E0%B8%84%E0%B8%B9%E0%B9%88%E0%B8%A1%E0%B8%B7%E0%B8%AD%E0%B8%9B%E0%B8%A3%E0%B8%B0%E0%B8%8A%E0%B8%B2%E0%B8%8A%E0%B8%99.html,135798,1,507f0aec7322989e0c6ec6fee49601953fcfc1aa78b631eac3d0fd4b85c75380,text_extractable_sample,BOTH,PENDING_REVIEW,,False,Official newer-site service guide; index publication date is not document effective date.
YRU-141,การขอใบแทนใบปริญญาบัตร-ใบแทนใบรับรองคุณวุฒิ,CERTIFICATE_GUIDE,,,,downloaded,01-academic/guides/การขอใบแทนใบปร_ญญาบ_ตร-ใบแทนใบร_บรองค_ณว_ฒ_bc3f0921.pdf,https://drive.google.com/file/d/1Hbyp1AKRUmOFm7nhEaEO2Qe3cDu8BjPy/view?usp=sharing,https://acdservice.yru.ac.th/page/28/%E0%B8%84%E0%B8%B9%E0%B9%88%E0%B8%A1%E0%B8%B7%E0%B8%AD%E0%B8%9B%E0%B8%A3%E0%B8%B0%E0%B8%8A%E0%B8%B2%E0%B8%8A%E0%B8%99.html,136558,1,bc3f09215263d2525e5b15e0d45d9ddbaf2862bcc525318b5e32625df3bd4624,text_extractable_sample,BOTH,PENDING_REVIEW,,False,Official newer-site service guide; index publication date is not document effective date.
YRU-142,การขอใบรับรองต่าง ๆ,CERTIFICATE_GUIDE,,,,downloaded,01-academic/guides/การขอใบร_บรองต_าง_ๆ_26339a64.pdf,https://drive.google.com/file/d/19JA1XmOrjs6cbPOUvcGBaOJPXUyZt9G5/view?usp=sharing,https://acdservice.yru.ac.th/page/28/%E0%B8%84%E0%B8%B9%E0%B9%88%E0%B8%A1%E0%B8%B7%E0%B8%AD%E0%B8%9B%E0%B8%A3%E0%B8%B0%E0%B8%8A%E0%B8%B2%E0%B8%8A%E0%B8%99.html,135557,1,26339a64b68eb9af9dc89faf7f0b320db9eedbc5b8c5f1ef77f48b4924a542f7,text_extractable_sample,BOTH,PENDING_REVIEW,,False,Official newer-site service guide; index publication date is not document effective date.
YRU-143,การขอเปิดรายวิชากรณีพิเศษ,SPECIAL_COURSE_GUIDE,,,,downloaded,01-academic/guides/การขอเป_ดรายว_ชากรณ_พ_เศษ_7b98407f.pdf,https://drive.google.com/file/d/156H65dqvcyJdpCqOhu80Lr_ELqCv8Vdb/view?usp=sharing,https://acdservice.yru.ac.th/page/28/%E0%B8%84%E0%B8%B9%E0%B9%88%E0%B8%A1%E0%B8%B7%E0%B8%AD%E0%B8%9B%E0%B8%A3%E0%B8%B0%E0%B8%8A%E0%B8%B2%E0%B8%8A%E0%B8%99.html,107353,1,7b98407f8b2b91e277ed3b43c087498b0174b1fb8ad782b7af012026bb123974,text_extractable_sample,BOTH,PENDING_REVIEW,,False,Official newer-site service guide; index publication date is not document effective date.
YRU-144,การขอยกเลิกรายวิชา,COURSE_WITHDRAWAL_GUIDE,,,,downloaded,01-academic/guides/การขอยกเล_กรายว_ชา_0c921686.pdf,https://drive.google.com/file/d/10O8GLXyRyiq7lY_0FFyxqK6yX7keX6y2/view?usp=sharing,https://acdservice.yru.ac.th/page/28/%E0%B8%84%E0%B8%B9%E0%B9%88%E0%B8%A1%E0%B8%B7%E0%B8%AD%E0%B8%9B%E0%B8%A3%E0%B8%B0%E0%B8%8A%E0%B8%B2%E0%B8%8A%E0%B8%99.html,111060,1,0c9216868c9e14997cceb22664cd4a68b3fe465a7ebaf5191f7b283af653f3c9,text_extractable_sample,BOTH,PENDING_REVIEW,,False,Official newer-site service guide; index publication date is not document effective date.
YRU-145,หลักเกณฑ์การปฏิบัติกิจกรรมจิตอาสา งานราชภัฏพัฒนาท้องถิ่น,VOLUNTEER_ACTIVITY_RULE,2569,,,downloaded,02-student-affairs/volunteer-local-development-2569.pdf,https://stddev.yru.ac.th/th/plan/57_file_17817728830.pdf,https://stddev.yru.ac.th/th/?page=rule&t=n4,373830,1,59acf1a01f6650e6754f9a2163d01313b6ca01d8b564e59dbf87a2c6eda1d729,NONE,RAG,PENDING_REVIEW,,False,ประกาศใหม่บนดัชนี; ตรวจวันมีผลและกลุ่มเป้าหมาย | ข้อความดึงได้น้อย/ไม่มี อาจต้องตรวจภาพหรือ OCR
YRU-146,ปฏิทินกิจกรรมพัฒนานักศึกษา ปีการศึกษา 2569,STUDENT_ACTIVITY_CALENDAR,2569,,,downloaded,02-student-affairs/student-activity-calendar-2569.pdf,https://stddev.yru.ac.th/th/plan/55_file_17791594360.pdf,https://stddev.yru.ac.th/th/?page=rule&t=n4,138209,2,731eab4b38c0598983bf9090be20e44200f8858a27615f67af21f3ac20bbefee,HIGH,BOTH,PENDING_REVIEW,,False,ประกาศ 14 พ.ค. 2569; ตารางกิจกรรมและกลุ่มเป้าหมาย | extracted_text=student-activity-calendar-2569.txt; chars=3247
YRU-147,หลักเกณฑ์กิจกรรมจิตอาสา นักศึกษารหัส 66 และ 67,VOLUNTEER_ACTIVITY_RULE,,66-67,,downloaded,02-student-affairs/volunteer-criteria-cohort-66-67.pdf,https://stddev.yru.ac.th/th/plan/53_file_17508272770.pdf,https://stddev.yru.ac.th/th/?page=rule&t=n4,856906,2,2b754e9fe908f3d0dbc568b62ece0e0593ab246f727f1b52f0500f7c49bbdadb,NONE,RAG,PENDING_REVIEW,,False,ใช้กับรหัส 66 และ 67 เท่านั้นตามชื่อประกาศ | retry สำเร็จ; PDF จริง; OCR/ภาพที่ยังดึงข้อความไม่ได้
YRU-148,การเข้าร่วมกิจกรรมชมรมนักศึกษา รหัส 66 และ 67,STUDENT_CLUB_RULE,,66-67,,downloaded,02-student-affairs/student-club-participation-cohort-66-67.pdf,https://stddev.yru.ac.th/th/plan/52_file_17508272550.pdf,https://stddev.yru.ac.th/th/?page=rule&t=n4,608721,2,57b1ac72bd3ebaed84e064534a61f3ce36e11712736824e4fb9e8e5526334830,NONE,RAG,PENDING_REVIEW,,False,ใช้กับรหัส 66 และ 67 เท่านั้นตามชื่อประกาศ | ข้อความดึงได้น้อย/ไม่มี อาจต้องตรวจภาพหรือ OCR
YRU-149,การเข้าร่วมกิจกรรมเสริมหลักสูตร พ.ศ. 2568,STUDENT_ACTIVITY_RULE,2568,,,downloaded,02-student-affairs/extracurricular-activity-participation-2568.pdf,https://stddev.yru.ac.th/th/plan/51_file_17504119180.pdf,https://stddev.yru.ac.th/th/?page=rule&t=n4,2728667,6,6ac829a3047abc53b485bf6759751f0ed288841773845c5c12b123543eed6502,NONE,RAG,PENDING_REVIEW,,False,ปี 2568; ตรวจฉบับแก้ไข/ทดแทน | ข้อความดึงได้น้อย/ไม่มี อาจต้องตรวจภาพหรือ OCR
YRU-150,หลักเกณฑ์กิจกรรมจิตอาสา พ.ศ. 2566,VOLUNTEER_ACTIVITY_RULE,2566,,,downloaded,02-student-affairs/volunteer-criteria-2566.pdf,https://stddev.yru.ac.th/th/plan/43_file_16847367870.pdf,https://stddev.yru.ac.th/th/?page=rule&t=n4,1206770,2,2bbe41b8c7e22f1f6906f875fea55b3aa36cc95a02f10a39e113b5cde61517ee,NONE,RAG,PENDING_REVIEW,,False,เอกสารย้อนหลัง; ไม่ถือว่าปัจจุบัน | ข้อความดึงได้น้อย/ไม่มี อาจต้องตรวจภาพหรือ OCR
YRU-151,กิจกรรมเสริมหลักสูตร พ.ศ. 2566,STUDENT_ACTIVITY_RULE,2566,,,downloaded,02-student-affairs/extracurricular-activity-participation-2566.pdf,https://stddev.yru.ac.th/th/plan/42_file_16847367100.pdf,https://stddev.yru.ac.th/th/?page=rule&t=n4,3556822,6,28386f43995ac5534346138fd0aabe6be21afcf5af6ba749a82a94267cf767b5,NONE,RAG,PENDING_REVIEW,,False,ย้อนหลัง; มีฉบับปี 2568 บนดัชนี | ข้อความดึงได้น้อย/ไม่มี อาจต้องตรวจภาพหรือ OCR
YRU-152,ระเบียบหอพักนักศึกษา พ.ศ. 2562,DORMITORY_RULE,2562,,,downloaded,02-student-affairs/dormitory-regulation-2562.pdf,https://stddev.yru.ac.th/th/plan/22_file_15899494060.PDF,https://stddev.yru.ac.th/th/?page=rule&t=n4,588662,1,a941e6b2b20d4841568ccf396c5f93753454afa34ce5f0b8ddeefd1b50117040,NONE,RAG,PENDING_REVIEW,,False,ย้อนหลัง; เว็บหอพักลงรายการฉบับ 2567 | ข้อความดึงได้น้อย/ไม่มี อาจต้องตรวจภาพหรือ OCR
YRU-153,แผนพัฒนานักศึกษา พ.ศ. 2567,STUDENT_WELFARE,2567,,,downloaded,02-student-affairs/student-development-plan-2567.pdf,https://stddev.yru.ac.th/th/file/Student_development_plan67.pdf,https://stddev.yru.ac.th/th/?page=plan,1277259,44,a68d5bbbf43052836022c72538886ebcd82036cb97555350feb0f73c5597c3fb,HIGH,RAG,PENDING_REVIEW,,False,แผนประกอบ ไม่ใช่ขั้นตอนสวัสดิการล่าสุด | extracted_text=student-development-plan-2567.txt; chars=48779
YRU-154,ภารกิจงานสวัสดิการนักศึกษา,STUDENT_WELFARE,,,,downloaded,02-student-affairs/student-welfare-services-overview.pdf,https://stddev.yru.ac.th/th/file/03_4.pdf,https://stddev.yru.ac.th/th/?page=about-us,68041,3,723f5aae91f87c1888ede37da17d84ece4e070a66aa60475a45bb2c605586054,HIGH,RAG,PENDING_REVIEW,,False,ไฟล์เก่าราว 4.5 ปี ใช้เป็นภาพรวมเท่านั้น | extracted_text=student-welfare-services-overview.txt; chars=5272
YRU-155,อัตราเงินช่วยเหลืออุบัติเหตุและค่าประกัน พ.ศ. 2557,STUDENT_WELFARE,2557,,,downloaded,02-student-affairs/student-accident-benefit-rates-2557.pdf,https://stddev.yru.ac.th/th/plan/14_file_15899477930.PDF,https://stddev.yru.ac.th/th/?page=rule&t=n4,329637,1,b759d51e79a19f8204a77753d2ec4fbe7db27bc5563c10b2d16ba43a5b999c1f,NONE,RAG,PENDING_REVIEW,,False,เก่ามาก ห้ามตอบวงเงิน/เบี้ยปัจจุบันโดยไม่ยืนยัน | ข้อความดึงได้น้อย/ไม่มี อาจต้องตรวจภาพหรือ OCR
YRU-156,ระเบียบหอพักนักศึกษา พ.ศ. 2567,DORMITORY_RULE,2567,,,downloaded,02-student-affairs/dormitory-regulation-2567.pdf,https://drive.google.com/uc?export=download&id=1uJXh-3my2Vdb11SSRVT8SwwTA6bTA_5g,https://dormet.yru.ac.th/page/4/%E0%B8%A3%E0%B8%B0%E0%B9%80%E0%B8%9A%E0%B8%B5%E0%B8%A2%E0%B8%9A_%E0%B8%84%E0%B8%B3%E0%B8%AA%E0%B8%B1%E0%B9%88%E0%B8%87_%E0%B8%9B%E0%B8%A3%E0%B8%B0%E0%B8%81%E0%B8%B2%E0%B8%A8_%E0%B9%80%E0%B8%81%E0%B8%B5%E0%B9%88%E0%B8%A2%E0%B8%A7%E0%B8%81%E0%B8%B1%E0%B8%9A%E0%B8%AB%E0%B8%AD%E0%B8%9E%E0%B8%B1%E0%B8%81.html,3230362,8,f565efb90a9f5016bd202487f3356a2d77c2e8205154e7086ec713c14a5e279b,NONE,RAG,PENDING_REVIEW,,False,เว็บหอพักลงรายการฉบับ 2567; ตรวจวันมีผลและการแทนฉบับเดิม | ข้อความดึงได้น้อย/ไม่มี อาจต้องตรวจภาพหรือ OCR
YRU-157,หลักเกณฑ์ค่าใช้จ่ายและค่าปรับหอพัก พ.ศ. 2568,DORMITORY_FEES,2568,,,downloaded,02-student-affairs/dormitory-fees-and-fines-2568.pdf,https://drive.google.com/uc?export=download&id=1VZoYTiDDDsInDYoG0xAUN4WnC7cFI4Ie,https://dormet.yru.ac.th/page/4/%E0%B8%A3%E0%B8%B0%E0%B9%80%E0%B8%9A%E0%B8%B5%E0%B8%A2%E0%B8%9A_%E0%B8%84%E0%B8%B3%E0%B8%AA%E0%B8%B1%E0%B9%88%E0%B8%87_%E0%B8%9B%E0%B8%A3%E0%B8%B0%E0%B8%81%E0%B8%B2%E0%B8%A8_%E0%B9%80%E0%B8%81%E0%B8%B5%E0%B9%88%E0%B8%A2%E0%B8%A7%E0%B8%81%E0%B8%B1%E0%B8%9A%E0%B8%AB%E0%B8%AD%E0%B8%9E%E0%B8%B1%E0%B8%81.html,1624621,2,0bd7e190376213a6ba074b5557da7db6f042147eeb7265f974583549342d1b2c,NONE,BOTH,PENDING_REVIEW,,False,ชื่อไฟล์ Drive ระบุ 2568; ตรวจอัตราก่อนใช้ตอบ | ข้อความดึงได้น้อย/ไม่มี อาจต้องตรวจภาพหรือ OCR
YRU-158,แนวปฏิบัติการลงโทษนักศึกษาหอพัก,DORMITORY_RULE,,,,downloaded,02-student-affairs/dormitory-discipline-guidelines.pdf,https://drive.google.com/uc?export=download&id=1FVOGlcSf6rztmh5EUnkojn350q06ZAtu,https://dormet.yru.ac.th/page/4/%E0%B8%A3%E0%B8%B0%E0%B9%80%E0%B8%9A%E0%B8%B5%E0%B8%A2%E0%B8%9A_%E0%B8%84%E0%B8%B3%E0%B8%AA%E0%B8%B1%E0%B9%88%E0%B8%87_%E0%B8%9B%E0%B8%A3%E0%B8%B0%E0%B8%81%E0%B8%B2%E0%B8%A8_%E0%B9%80%E0%B8%81%E0%B8%B5%E0%B9%88%E0%B8%A2%E0%B8%A7%E0%B8%81%E0%B8%B1%E0%B8%9A%E0%B8%AB%E0%B8%AD%E0%B8%9E%E0%B8%B1%E0%B8%81.html,390575,1,c61783c53f52641c090d0ee5edfc4239b38282f9bb4a45ae071da17c653f1ff4,needs_ocr_or_font_review,RAG,PENDING_REVIEW,,False,ไม่เห็นปีในชื่อไฟล์/หน้ารายการ | extracted_text=dormitory-discipline-guidelines.txt; chars=21 | ข้อความดึงได้น้อย/ไม่มี อาจต้องตรวจภาพหรือ OCR
YRU-159,ข้อห้ามและข้อปฏิบัติภายในหอพัก,DORMITORY_RULE,,,,downloaded,02-student-affairs/dormitory-prohibitions-and-conduct.pdf,https://drive.google.com/uc?export=download&id=1F0DvlGvOgbUwXRP7LqjPAAkOFkxeAR5C,https://dormet.yru.ac.th/page/4/%E0%B8%A3%E0%B8%B0%E0%B9%80%E0%B8%9A%E0%B8%B5%E0%B8%A2%E0%B8%9A_%E0%B8%84%E0%B8%B3%E0%B8%AA%E0%B8%B1%E0%B9%88%E0%B8%87_%E0%B8%9B%E0%B8%A3%E0%B8%B0%E0%B8%81%E0%B8%B2%E0%B8%A8_%E0%B9%80%E0%B8%81%E0%B8%B5%E0%B9%88%E0%B8%A2%E0%B8%A7%E0%B8%81%E0%B8%B1%E0%B8%9A%E0%B8%AB%E0%B8%AD%E0%B8%9E%E0%B8%B1%E0%B8%81.html,328717,1,33b77e05c052eba5bb1df4d672a9a99ff9d663ae345c77f9a707f2d0014b4ce6,needs_ocr_or_font_review,RAG,PENDING_REVIEW,,False,ไม่เห็นปีในชื่อไฟล์/หน้ารายการ | extracted_text=dormitory-prohibitions-and-conduct.txt; chars=21 | ข้อความดึงได้น้อย/ไม่มี อาจต้องตรวจภาพหรือ OCR
YRU-160,หลักเกณฑ์บัตรสติกเกอร์รถจักรยานยนต์เข้าออกหอพัก,DORMITORY_RULE,,,,downloaded,02-student-affairs/dormitory-motorcycle-access-sticker.pdf,https://drive.google.com/uc?export=download&id=1FdMwuotMjM_eVbBGGU21N7o6Fm-is26A,https://dormet.yru.ac.th/page/4/%E0%B8%A3%E0%B8%B0%E0%B9%80%E0%B8%9A%E0%B8%B5%E0%B8%A2%E0%B8%9A_%E0%B8%84%E0%B8%B3%E0%B8%AA%E0%B8%B1%E0%B9%88%E0%B8%87_%E0%B8%9B%E0%B8%A3%E0%B8%B0%E0%B8%81%E0%B8%B2%E0%B8%A8_%E0%B9%80%E0%B8%81%E0%B8%B5%E0%B9%88%E0%B8%A2%E0%B8%A7%E0%B8%81%E0%B8%B1%E0%B8%9A%E0%B8%AB%E0%B8%AD%E0%B8%9E%E0%B8%B1%E0%B8%81.html,382197,1,b5e025669db6f286e99379d3112a1d3806a69d64774b3d772f00a839db3951b1,needs_ocr_or_font_review,RAG,PENDING_REVIEW,,False,ตรวจปี/ช่วงบังคับใช้จากเอกสาร | extracted_text=dormitory-motorcycle-access-sticker.txt; chars=21 | ข้อความดึงได้น้อย/ไม่มี อาจต้องตรวจภาพหรือ OCR
YRU-161,แนวปฏิบัติการเปิดปิดหอพัก,DORMITORY_RULE,,,,downloaded,02-student-affairs/dormitory-opening-closing-guidelines.pdf,https://drive.google.com/uc?export=download&id=1Feqokr2I-WWrrctIMP1EC1cundYRadyJ,https://dormet.yru.ac.th/page/4/%E0%B8%A3%E0%B8%B0%E0%B9%80%E0%B8%9A%E0%B8%B5%E0%B8%A2%E0%B8%9A_%E0%B8%84%E0%B8%B3%E0%B8%AA%E0%B8%B1%E0%B9%88%E0%B8%87_%E0%B8%9B%E0%B8%A3%E0%B8%B0%E0%B8%81%E0%B8%B2%E0%B8%A8_%E0%B9%80%E0%B8%81%E0%B8%B5%E0%B9%88%E0%B8%A2%E0%B8%A7%E0%B8%81%E0%B8%B1%E0%B8%9A%E0%B8%AB%E0%B8%AD%E0%B8%9E%E0%B8%B1%E0%B8%81.html,353861,1,2c0bebe5d063eca2a3c72bb40591e9622083bc8b04490406cdcd662c3f7a74da,needs_ocr_or_font_review,RAG,PENDING_REVIEW,,False,เวลาที่กำหนดอาจเปลี่ยน; ตรวจยืนยันปัจจุบัน | extracted_text=dormitory-opening-closing-guidelines.txt; chars=21 | ข้อความดึงได้น้อย/ไม่มี อาจต้องตรวจภาพหรือ OCR
YRU-162,สัญญาการเข้าพักอาศัยหอพัก,STUDENT_SERVICE_FORMS,,,,downloaded,02-student-affairs/dormitory-residence-contract-form.pdf,https://drive.google.com/uc?export=download&id=18M-fsgGCGgE2qF3UnudV-NbOwBADgx1g,https://dormet.yru.ac.th/page/3/%E0%B9%81%E0%B8%9A%E0%B8%9A%E0%B8%9F%E0%B8%AD%E0%B8%A3%E0%B9%8C%E0%B8%A1.html,85612,2,75135ab14dec76b64a5fe9a9423a380e88dac1661fe687abb806899bb5f8afd0,HIGH,BOTH,PENDING_REVIEW,,False,แบบฟอร์มเปล่า; ตรวจช่องข้อมูลส่วนบุคคล | extracted_text=dormitory-residence-contract-form.txt; chars=4889
YRU-163,แบบฟอร์มลาออกจากหอพัก พ.ศ. 2569,STUDENT_SERVICE_FORMS,2569,,,downloaded,02-student-affairs/dormitory-leave-form-2569.pdf,https://drive.google.com/uc?export=download&id=1R-Lm8_esX1O4xx9q6tdXPfYeCTTqFgX2,https://dormet.yru.ac.th/page/3/%E0%B9%81%E0%B8%9A%E0%B8%9A%E0%B8%9F%E0%B8%AD%E0%B8%A3%E0%B9%8C%E0%B8%A1.html,379576,1,c731f9d3061fdb4926a843dc9919ca29786eeeb20f4bdb77336bc684dc42c290,HIGH,BOTH,PENDING_REVIEW,,False,แบบฟอร์มเปล่า; ชื่อไฟล์ระบุ 2569 | extracted_text=dormitory-leave-form-2569.txt; chars=2484
YRU-164,คำร้องขอถอนเงินประกันความเสียหายหอพัก,STUDENT_SERVICE_FORMS,,,,downloaded,02-student-affairs/dormitory-deposit-refund-form.pdf,https://drive.google.com/uc?export=download&id=1z_NjSl8jB30IOOAPZa1ZiFb1qeoaR-4g,https://dormet.yru.ac.th/page/3/%E0%B9%81%E0%B8%9A%E0%B8%9A%E0%B8%9F%E0%B8%AD%E0%B8%A3%E0%B9%8C%E0%B8%A1.html,81854,1,49deeb41093801ca6a70d033bb7ac334b4411c91bd97b7557c370afa9e1f4b74,HIGH,BOTH,PENDING_REVIEW,,False,แบบฟอร์มเปล่า; ตรวจช่องข้อมูลส่วนบุคคล | extracted_text=dormitory-deposit-refund-form.txt; chars=1784
YRU-165,แบบฟอร์มขออนุญาตเข้าหอพักเกินเวลา พ.ศ. 2569,STUDENT_SERVICE_FORMS,2569,,,downloaded,02-student-affairs/dormitory-late-entry-permit-form-2569.pdf,https://drive.google.com/uc?export=download&id=1x7SLujUZHObe9-OfAytogPNjProu_wIb,https://dormet.yru.ac.th/page/3/%E0%B9%81%E0%B8%9A%E0%B8%9A%E0%B8%9F%E0%B8%AD%E0%B8%A3%E0%B9%8C%E0%B8%A1.html,55237,1,cc7b2a3069ba25273d22584aaf87e465855edbfb81042590987ff1a1dc2442ed,HIGH,BOTH,PENDING_REVIEW,,False,แบบฟอร์มเปล่า; ชื่อไฟล์ระบุ 2569 | extracted_text=dormitory-late-entry-permit-form-2569.txt; chars=3136
YRU-166,ดัชนีประกาศ/คำสั่ง กองพัฒนานักศึกษา,STUDENT_ACTIVITY_RULE,,,,downloaded,02-student-affairs/student-affairs-notices-index.html,https://stddev.yru.ac.th/th/?page=rule&t=n4,https://stddev.yru.ac.th/th/?page=rule&t=n4,63336,,59f648b4620db1b429df47b641b5781204a2576412e5c608f8769e575daac3c0,HIGH,RAG,PENDING_REVIEW,,False,snapshot รายการประกาศและลิงก์เอกสาร
YRU-167,ดัชนีระเบียบ/ประกาศหอพัก,DORMITORY_RULE,,,,downloaded,02-student-affairs/dormitory-regulations-index.html,https://dormet.yru.ac.th/page/4/%E0%B8%A3%E0%B8%B0%E0%B9%80%E0%B8%9A%E0%B8%B5%E0%B8%A2%E0%B8%9A_%E0%B8%84%E0%B8%B3%E0%B8%AA%E0%B8%B1%E0%B9%88%E0%B8%87_%E0%B8%9B%E0%B8%A3%E0%B8%B0%E0%B8%81%E0%B8%B2%E0%B8%A8_%E0%B9%80%E0%B8%81%E0%B8%B5%E0%B9%88%E0%B8%A2%E0%B8%A7%E0%B8%81%E0%B8%B1%E0%B8%9A%E0%B8%AB%E0%B8%AD%E0%B8%9E%E0%B8%B1%E0%B8%81.html,https://dormet.yru.ac.th/page/4/%E0%B8%A3%E0%B8%B0%E0%B9%80%E0%B8%9A%E0%B8%B5%E0%B8%A2%E0%B8%9A_%E0%B8%84%E0%B8%B3%E0%B8%AA%E0%B8%B1%E0%B9%88%E0%B8%87_%E0%B8%9B%E0%B8%A3%E0%B8%B0%E0%B8%81%E0%B8%B2%E0%B8%A8_%E0%B9%80%E0%B8%81%E0%B8%B5%E0%B9%88%E0%B8%A2%E0%B8%A7%E0%B8%81%E0%B8%B1%E0%B8%9A%E0%B8%AB%E0%B8%AD%E0%B8%9E%E0%B8%B1%E0%B8%81.html,24548,,ae467bb08823cda195c6584688c11826782349478c1c359d7a0580f27818fde7,HIGH,RAG,PENDING_REVIEW,,False,snapshot ดัชนีหอพัก ซึ่งแสดงระเบียบ พ.ศ. 2567
YRU-168,ดัชนีแบบฟอร์มหอพัก,STUDENT_SERVICE_FORMS,,,,downloaded,02-student-affairs/dormitory-forms-index.html,https://dormet.yru.ac.th/page/3/%E0%B9%81%E0%B8%9A%E0%B8%9A%E0%B8%9F%E0%B8%AD%E0%B8%A3%E0%B9%8C%E0%B8%A1.html,https://dormet.yru.ac.th/page/3/%E0%B9%81%E0%B8%9A%E0%B8%9A%E0%B8%9F%E0%B8%AD%E0%B8%A3%E0%B9%8C%E0%B8%A1.html,20654,,dc99aa439607b1466b99a88393467f923e594efa88987bb407cca327ba6737a8,HIGH,BOTH,PENDING_REVIEW,,False,snapshot รายการแบบฟอร์มหอพัก
YRU-169,เกี่ยวกับระบบเครือข่ายไร้สาย (WiFi),WIFI_GUIDE,,,,downloaded,03-it-library/nse/yru_wifi_overview_page6.html,https://nse.yru.ac.th/page/6/%E0%B9%80%E0%B8%81%E0%B8%B5%E0%B9%88%E0%B8%A2%E0%B8%A7%E0%B8%81%E0%B8%B1%E0%B8%9A%E0%B8%A3%E0%B8%B0%E0%B8%9A%E0%B8%9A%E0%B9%80%E0%B8%84%E0%B8%A3%E0%B8%B7%E0%B8%AD%E0%B8%82%E0%B9%88%E0%B8%B2%E0%B8%A2%E0%B9%84%E0%B8%A3%E0%B9%89%E0%B8%AA%E0%B8%B2%E0%B8%A2_(WiFi).html,https://nse.yru.ac.th/page/6/%E0%B9%80%E0%B8%81%E0%B8%B5%E0%B9%88%E0%B8%A2%E0%B8%A7%E0%B8%81%E0%B8%B1%E0%B8%9A%E0%B8%A3%E0%B8%B0%E0%B8%9A%E0%B8%9A%E0%B9%80%E0%B8%84%E0%B8%A3%E0%B8%B7%E0%B8%AD%E0%B8%82%E0%B9%88%E0%B8%B2%E0%B8%A2%E0%B9%84%E0%B8%A3%E0%B9%89%E0%B8%AA%E0%B8%B2%E0%B8%A2_(WiFi).html,29208,,d78d100fc37413297d343252b0f524e016586d7a01ba5d0f6ad68b79bc6c8bb0,good,RAG,PENDING_REVIEW,,False,หน้าอธิบาย SSID และบริการ YRU-WiFi; เนื้อหาหลักลงวันที่ 14 มิ.ย. 2563 และมีภาพประกอบพื้นที่ให้บริการ จึงต้องตรวจสภาพเครือข่ายปัจจุบันก่อนใช้ตอบ.
YRU-170,การลงทะเบียนอุปกรณ์ (Mac address) สำหรับใช้งาน YRU-WiFi,WIFI_GUIDE,,,,downloaded,03-it-library/nse/mac_registration_overview_page16.html,https://nse.yru.ac.th/page/16/%E0%B8%81%E0%B8%B2%E0%B8%A3%E0%B8%A5%E0%B8%87%E0%B8%97%E0%B8%B0%E0%B9%80%E0%B8%9A%E0%B8%B5%E0%B8%A2%E0%B8%99%E0%B8%AD%E0%B8%B8%E0%B8%9B%E0%B8%81%E0%B8%A3%E0%B8%93%E0%B9%8C_(Mac_address)_%E0%B8%AA%E0%B8%B3%E0%B8%AB%E0%B8%A3%E0%B8%B1%E0%B8%9A%E0%B9%83%E0%B8%8A%E0%B9%89%E0%B8%87%E0%B8%B2%E0%B8%99_YRU-WiFi.html,https://nse.yru.ac.th/page/16/%E0%B8%81%E0%B8%B2%E0%B8%A3%E0%B8%A5%E0%B8%87%E0%B8%97%E0%B8%B0%E0%B9%80%E0%B8%9A%E0%B8%B5%E0%B8%A2%E0%B8%99%E0%B8%AD%E0%B8%B8%E0%B8%9B%E0%B8%81%E0%B8%A3%E0%B8%93%E0%B9%8C_(Mac_address)_%E0%B8%AA%E0%B8%B3%E0%B8%AB%E0%B8%A3%E0%B8%B1%E0%B8%9A%E0%B9%83%E0%B8%8A%E0%B9%89%E0%B8%87%E0%B8%B2%E0%B8%99_YRU-WiFi.html,29312,,dae5ef0b2cbb8aea4351a2558e45d0bf8c9561a8589f4a7e515ebef731419169,good,RAG,PENDING_REVIEW,,False,แนวทางลงทะเบียนอุปกรณ์จากงานระบบเครือข่าย; หน้าต้นฉบับระบุปี 2564. ตรวจจำนวนอุปกรณ์/ขั้นตอนปัจจุบันก่อนใช้จริง.
YRU-171,คู่มือการลงทะเบียนอุปกรณ์ (Mac Address) สำหรับใช้งาน YRU-WiFi,WIFI_GUIDE,,,,downloaded,03-it-library/nse/mac_registration_detailed_page79.html,https://nse.yru.ac.th/page/79/%E0%B8%84%E0%B8%B9%E0%B9%88%E0%B8%A1%E0%B8%B7%E0%B8%AD%E0%B8%81%E0%B8%B2%E0%B8%A3%E0%B8%A5%E0%B8%87%E0%B8%97%E0%B8%B0%E0%B9%80%E0%B8%9A%E0%B8%B5%E0%B8%A2%E0%B8%99%E0%B8%AD%E0%B8%B8%E0%B8%9B%E0%B8%81%E0%B8%A3%E0%B8%93%E0%B9%8C_(Mac_Address)_%E0%B8%AA%E0%B9%8D%E0%B8%B2%E0%B8%AB%E0%B8%A3%E0%B8%B1%E0%B8%9A%E0%B9%83%E0%B8%8A%E0%B9%89%E0%B8%87%E0%B8%B2%E0%B8%99%E0%B8%A3%E0%B8%B0%E0%B8%9A%E0%B8%9A%E0%B9%80%E0%B8%84%E0%B8%A3%E0%B8%B7%E0%B8%AD%E0%B8%82%E0%B9%88%E0%B8%B2%E0%B8%A2%E0%B8%AD%E0%B8%B4%E0%B8%99%E0%B9%80%E0%B8%97%E0%B8%AD%E0%B8%A3%E0%B9%8C%E0%B9%80%E0%B8%99%E0%B9%87%E0%B8%95%E0%B9%84%E0%B8%A3%E0%B9%89%E0%B8%AA%E0%B8%B2%E0%B8%A2_YRU-WiFi.html,https://nse.yru.ac.th/page/79/%E0%B8%84%E0%B8%B9%E0%B9%88%E0%B8%A1%E0%B8%B7%E0%B8%AD%E0%B8%81%E0%B8%B2%E0%B8%A3%E0%B8%A5%E0%B8%87%E0%B8%97%E0%B8%B0%E0%B9%80%E0%B8%9A%E0%B8%B5%E0%B8%A2%E0%B8%99%E0%B8%AD%E0%B8%B8%E0%B8%9B%E0%B8%81%E0%B8%A3%E0%B8%93%E0%B9%8C_(Mac_Address)_%E0%B8%AA%E0%B9%8D%E0%B8%B2%E0%B8%AB%E0%B8%A3%E0%B8%B1%E0%B8%9A%E0%B9%83%E0%B8%8A%E0%B9%89%E0%B8%87%E0%B8%B2%E0%B8%99%E0%B8%A3%E0%B8%B0%E0%B8%9A%E0%B8%9A%E0%B9%80%E0%B8%84%E0%B8%A3%E0%B8%B7%E0%B8%AD%E0%B8%82%E0%B9%88%E0%B8%B2%E0%B8%A2%E0%B8%AD%E0%B8%B4%E0%B8%99%E0%B9%80%E0%B8%97%E0%B8%AD%E0%B8%A3%E0%B9%8C%E0%B9%80%E0%B8%99%E0%B9%87%E0%B8%95%E0%B9%84%E0%B8%A3%E0%B9%89%E0%B8%AA%E0%B8%B2%E0%B8%A2_YRU-WiFi.html,28207,,18cdc976370b14e79f50de24deb82ce6d120a055ec52bade682ab7d5678efb45,good,RAG,PENDING_REVIEW,,False,คู่มือระบุสมัครผ่าน YRU Passport และกรอก MAC 12 หลัก; ลงวันที่ 6 พ.ค. 2563. มีภาพหน้าจอประกอบ จึงถือว่าข้อความสกัดได้บางส่วน.
YRU-172,การเชื่อมต่อ YRU-WiFi,WIFI_GUIDE,,,,downloaded,03-it-library/nse/wifi_connection_page31.html,https://nse.yru.ac.th/page/31/%E0%B8%81%E0%B8%B2%E0%B8%A3%E0%B9%80%E0%B8%8A%E0%B8%B7%E0%B9%88%E0%B8%AD%E0%B8%A1%E0%B8%95%E0%B9%88%E0%B8%AD_YRU-WiFi.html,https://nse.yru.ac.th/page/31/%E0%B8%81%E0%B8%B2%E0%B8%A3%E0%B9%80%E0%B8%8A%E0%B8%B7%E0%B9%88%E0%B8%AD%E0%B8%A1%E0%B8%95%E0%B9%88%E0%B8%AD_YRU-WiFi.html,28944,,7ffea67995b005aaddac5c6db19d9cb1ec1418c8a1adf354250e745f50bb666e,good,RAG,PENDING_REVIEW,,False,ขั้นตอนเชื่อมต่อ YRU-WiFi/เลือก device MAC; เนื้อหาหลักลงวันที่ 8 ก.ค. 2564 และมีภาพประกอบ.
YRU-173,การเชื่อมต่อ YRU-802.1X,WIFI_GUIDE,,,,downloaded,03-it-library/nse/8021x_overview_page30.html,https://nse.yru.ac.th/page/30/%E0%B8%81%E0%B8%B2%E0%B8%A3%E0%B9%80%E0%B8%8A%E0%B8%B7%E0%B9%88%E0%B8%AD%E0%B8%A1%E0%B8%95%E0%B9%88%E0%B8%AD_YRU-802.1X.html,https://nse.yru.ac.th/page/30/%E0%B8%81%E0%B8%B2%E0%B8%A3%E0%B9%80%E0%B8%8A%E0%B8%B7%E0%B9%88%E0%B8%AD%E0%B8%A1%E0%B8%95%E0%B9%88%E0%B8%AD_YRU-802.1X.html,32480,,af2929b3596b52756cfd0bb32860a5caf3dad881936162165d0487666b125932,partial,RAG,PENDING_REVIEW,,False,หน้าแนวทาง YRU-802.1X จากหมวด YRU-WiFi; ตรวจค่าความปลอดภัยและขั้นตอนกับงานระบบเครือข่ายก่อนใช้งาน.
YRU-174,การเชื่อมต่อ YRU-802.1X สำหรับ Android,WIFI_GUIDE,,,,downloaded,03-it-library/nse/8021x_android_page89.html,https://nse.yru.ac.th/page/89/%E0%B8%81%E0%B8%B2%E0%B8%A3%E0%B9%80%E0%B8%8A%E0%B8%B7%E0%B9%88%E0%B8%AD%E0%B8%A1%E0%B8%95%E0%B9%88%E0%B8%AD_YRU-802.1X(Android).html,https://nse.yru.ac.th/page/89/%E0%B8%81%E0%B8%B2%E0%B8%A3%E0%B9%80%E0%B8%8A%E0%B8%B7%E0%B9%88%E0%B8%AD%E0%B8%A1%E0%B8%95%E0%B9%88%E0%B8%AD_YRU-802.1X(Android).html,32367,,ae44c6bd657885b8b8f8c2f8dd884e83badc4cb355bb3066c48c81bcc89bedd9,good,RAG,PENDING_REVIEW,,False,คู่มือ Android ลงวันที่ 4 เม.ย. 2565; เนื้อหามีตัวเลือก PEAP/CA และมี zip แนบจากต้นทางซึ่งไม่ได้เก็บ เพราะ HTML มีขั้นตอนข้อความแล้วและส่วนแนบไม่ใช่ PDF/HTML.
YRU-175,"การเชื่อมต่อ YRU-802.1X สำหรับ iOS (iPhone, iPad)",WIFI_GUIDE,,,,downloaded,03-it-library/nse/8021x_ios_page90.html,https://nse.yru.ac.th/page/90/%E0%B8%81%E0%B8%B2%E0%B8%A3%E0%B9%80%E0%B8%8A%E0%B8%B7%E0%B9%88%E0%B8%AD%E0%B8%A1%E0%B8%95%E0%B9%88%E0%B8%AD_YRU-802.1X(IOS_(iPhone%2C_iPad)).html,https://nse.yru.ac.th/page/90/%E0%B8%81%E0%B8%B2%E0%B8%A3%E0%B9%80%E0%B8%8A%E0%B8%B7%E0%B9%88%E0%B8%AD%E0%B8%A1%E0%B8%95%E0%B9%88%E0%B8%AD_YRU-802.1X(IOS_(iPhone%2C_iPad)).html,34121,,5008fab553bd90727d1802c58a3242bd5d35026e9bd93636e9fb792cb9c3fbee,good,RAG,PENDING_REVIEW,,False,คู่มือ iOS ลงวันที่ 4 เม.ย. 2565; screenshots และหน้าจอ Certificate อาจเปลี่ยนตาม iOS รุ่นใหม่.
YRU-176,การเชื่อมต่อ YRU-802.1X สำหรับ Windows 8/10/11,WIFI_GUIDE,,,,downloaded,03-it-library/nse/8021x_windows_page91.html,https://nse.yru.ac.th/page/91/%E0%B8%81%E0%B8%B2%E0%B8%A3%E0%B9%80%E0%B8%8A%E0%B8%B7%E0%B9%88%E0%B8%AD%E0%B8%A1%E0%B8%95%E0%B9%88%E0%B8%AD_YRU-802.1X(Windows_8_10_11).html,https://nse.yru.ac.th/page/91/%E0%B8%81%E0%B8%B2%E0%B8%A3%E0%B9%80%E0%B8%8A%E0%B8%B7%E0%B9%88%E0%B8%AD%E0%B8%A1%E0%B8%95%E0%B9%88%E0%B8%AD_YRU-802.1X(Windows_8_10_11).html,32679,,1a4f8cde593f2bdc7662b86f89c227a27b2b86749ed91dd9f51889def3b2a394,good,RAG,PENDING_REVIEW,,False,คู่มือ Windows ลงวันที่ 5 เม.ย. 2565; ภาพหน้าจอเก่าและ Windows 8 อยู่ในชื่อหน้า ให้เจ้าหน้าที่ตรวจค่าปัจจุบันก่อนเผยแพร่ขั้นตอน.
YRU-177,การแก้ไขปัญหาเบื้องต้นสำหรับการใช้งาน YRU-802.1X,WIFI_GUIDE,,,,downloaded,03-it-library/nse/8021x_troubleshooting_page32.html,https://nse.yru.ac.th/page/32/%E0%B8%81%E0%B8%B2%E0%B8%A3%E0%B9%81%E0%B8%81%E0%B9%89%E0%B9%84%E0%B8%82%E0%B8%9B%E0%B8%B1%E0%B8%8D%E0%B8%AB%E0%B8%B2%E0%B9%80%E0%B8%9A%E0%B8%B7%E0%B9%89%E0%B8%AD%E0%B8%87%E0%B8%95%E0%B9%89%E0%B8%99%E0%B8%AA%E0%B8%B3%E0%B8%AB%E0%B8%A3%E0%B8%B1%E0%B8%9A%E0%B8%81%E0%B8%B2%E0%B8%A3%E0%B9%83%E0%B8%8A%E0%B9%89%E0%B8%87%E0%B8%B2%E0%B8%99_YRU-802.1X.html,https://nse.yru.ac.th/page/32/%E0%B8%81%E0%B8%B2%E0%B8%A3%E0%B9%81%E0%B8%81%E0%B9%89%E0%B9%84%E0%B8%82%E0%B8%9B%E0%B8%B1%E0%B8%8D%E0%B8%AB%E0%B8%B2%E0%B9%80%E0%B8%9A%E0%B8%B7%E0%B9%89%E0%B8%AD%E0%B8%87%E0%B8%95%E0%B9%89%E0%B8%99%E0%B8%AA%E0%B8%B3%E0%B8%AB%E0%B8%A3%E0%B8%B1%E0%B8%9A%E0%B8%81%E0%B8%B2%E0%B8%A3%E0%B9%83%E0%B8%8A%E0%B9%89%E0%B8%87%E0%B8%B2%E0%B8%99_YRU-802.1X.html,25310,,2f3c9f8de1a0dd660429ddd59bb0c8d8dd325edfc563baf8b89ca07139d42a94,partial,RAG,PENDING_REVIEW,,False,หน้า troubleshooting จากหมวดความรู้ของงานระบบเครือข่าย; ให้ตรวจว่าแนวทางและข้อมูลติดต่อยังเป็นปัจจุบัน.
YRU-178,การแก้ไขปัญหาเบื้องต้นสำหรับการใช้งาน YRU-WiFi,WIFI_GUIDE,,,,downloaded,03-it-library/nse/wifi_troubleshooting_page33.html,https://nse.yru.ac.th/page/33/%E0%B8%81%E0%B8%B2%E0%B8%A3%E0%B9%81%E0%B8%81%E0%B9%89%E0%B9%84%E0%B8%82%E0%B8%9B%E0%B8%B1%E0%B8%8D%E0%B8%AB%E0%B8%B2%E0%B9%80%E0%B8%9A%E0%B8%B7%E0%B9%89%E0%B8%AD%E0%B8%87%E0%B8%95%E0%B9%89%E0%B8%99%E0%B8%AA%E0%B8%B3%E0%B8%AB%E0%B8%A3%E0%B8%B1%E0%B8%9A%E0%B8%81%E0%B8%B2%E0%B8%A3%E0%B9%83%E0%B8%8A%E0%B9%89%E0%B8%87%E0%B8%B2%E0%B8%99_YRU-WiFi.html,https://nse.yru.ac.th/page/33/%E0%B8%81%E0%B8%B2%E0%B8%A3%E0%B9%81%E0%B8%81%E0%B9%89%E0%B9%84%E0%B8%82%E0%B8%9B%E0%B8%B1%E0%B8%8D%E0%B8%AB%E0%B8%B2%E0%B9%80%E0%B8%9A%E0%B8%B7%E0%B9%89%E0%B8%AD%E0%B8%87%E0%B8%95%E0%B9%89%E0%B8%99%E0%B8%AA%E0%B8%B3%E0%B8%AB%E0%B8%A3%E0%B8%B1%E0%B8%9A%E0%B8%81%E0%B8%B2%E0%B8%A3%E0%B9%83%E0%B8%8A%E0%B9%89%E0%B8%87%E0%B8%B2%E0%B8%99_YRU-WiFi.html,26842,,67137e6580289104f2656d7d11bd153c6ba2dd85a5c25b474263702736768e90,good,RAG,PENDING_REVIEW,,False,หน้า troubleshooting จากหมวดความรู้ของงานระบบเครือข่าย; ให้ตรวจแนวทางก่อนนำไปใช้ตอบ.
YRU-179,ลงชื่อเข้าใช้งานระบบเครือข่ายไร้สายไม่ได้ (ระบบ YRU Authen),WIFI_GUIDE,,,,downloaded,03-it-library/nse/auth_login_troubleshooting_page115.html,https://nse.yru.ac.th/page/115,https://nse.yru.ac.th/page/115,34463,,2e3575a4c61a71a8aebca245069cd5142f42e65909a664b526b373bf739b7c73,good,RAG,PENDING_REVIEW,,False,หน้าให้ลองเข้า YRU Passport/ระบบบริการการศึกษา และติดต่อศูนย์คอมพิวเตอร์ 073-299676 หรือ OSS; ลงวันที่ 17 ก.ค. 2566. ใช้เป็น escalation เท่านั้น ไม่ใช่คู่มือกู้รหัสผ่าน.
YRU-180,ระบบจัดการบัญชีผู้ใช้งานระบบสารสนเทศ (YRU Passport),YRU_PASSPORT_GUIDE,,,,downloaded,03-it-library/nse/yru_passport_service_page86.html,https://nse.yru.ac.th/page/86/%E0%B8%A3%E0%B8%B0%E0%B8%9A%E0%B8%9A%E0%B8%88%E0%B8%B1%E0%B8%94%E0%B8%81%E0%B8%B2%E0%B8%A3%E0%B8%9A%E0%B8%B1%E0%B8%8D%E0%B8%8A%E0%B8%B5%E0%B8%9C%E0%B8%B9%E0%B9%89%E0%B9%83%E0%B8%8A%E0%B9%89%E0%B8%87%E0%B8%B2%E0%B8%99%E0%B8%A3%E0%B8%B0%E0%B8%9A%E0%B8%9A%E0%B8%AA%E0%B8%B2%E0%B8%A3%E0%B8%AA%E0%B8%99%E0%B9%80%E0%B8%97%E0%B8%A8_(YRU_Passport).html,https://nse.yru.ac.th/page/86/%E0%B8%A3%E0%B8%B0%E0%B8%9A%E0%B8%9A%E0%B8%88%E0%B8%B1%E0%B8%94%E0%B8%81%E0%B8%B2%E0%B8%A3%E0%B8%9A%E0%B8%B1%E0%B8%8D%E0%B8%8A%E0%B8%B5%E0%B8%9C%E0%B8%B9%E0%B9%89%E0%B9%83%E0%B8%8A%E0%B9%89%E0%B8%87%E0%B8%B2%E0%B8%99%E0%B8%A3%E0%B8%B0%E0%B8%9A%E0%B8%9A%E0%B8%AA%E0%B8%B2%E0%B8%A3%E0%B8%AA%E0%B8%99%E0%B9%80%E0%B8%97%E0%B8%A8_(YRU_Passport).html,26850,,fd8b541ff4731f47b63587a2ada7a42263740709d79e576f8bad7827b3a71f8f,good,RAG,PENDING_REVIEW,,False,หน้าอธิบายบัญชีกลางและช่องทางแจ้งปัญหา @iwo5069y / 073-299676 ต่อ 22400; เนื้อหาลงวันที่ 15 ก.ย. 2564. ลิงก์คู่มือ PDF ไป Google Drive ขอ sign-in จึงแยกเป็น failed-source-attempts.json.
YRU-181,การสมัครอีเมล Microsoft (O365) ผ่าน YRU Passport — ข้อความที่พบในคู่มือ,MICROSOFT_365_GUIDE,,,,downloaded,03-it-library/nse/microsoft365_signup_via_passport_page92.html,https://nse.yru.ac.th/page/92/YRU-Passport_%E0%B8%9A%E0%B8%A3%E0%B8%B4%E0%B8%81%E0%B8%B2%E0%B8%A3%E0%B8%9A%E0%B8%B1%E0%B8%8D%E0%B8%8A%E0%B8%B5%E0%B8%9C%E0%B8%B9%E0%B9%89%E0%B9%83%E0%B8%8A%E0%B9%89%E0%B8%87%E0%B8%B2%E0%B8%99%E0%B8%A3%E0%B8%B0%E0%B8%9A%E0%B8%9A%E0%B8%AA%E0%B8%B2%E0%B8%A3%E0%B8%AA%E0%B8%99%E0%B9%80%E0%B8%97%E0%B8%A8%E0%B8%A0%E0%B8%B2%E0%B8%A2%E0%B9%83%E0%B8%99%E0%B8%A1%E0%B8%AB%E0%B8%B2%E0%B8%A7%E0%B8%B4%E0%B8%97%E0%B8%A2%E0%B8%B2%E0%B8%A5%E0%B8%B1%E0%B8%A2%E0%B8%A3%E0%B8%B2%E0%B8%8A%E0%B8%A0%E0%B8%B1%E0%B8%8F%E0%B8%A2%E0%B8%B0%E0%B8%A5%E0%B8%B2.html,https://nse.yru.ac.th/page/92/YRU-Passport_%E0%B8%9A%E0%B8%A3%E0%B8%B4%E0%B8%81%E0%B8%B2%E0%B8%A3%E0%B8%9A%E0%B8%B1%E0%B8%8D%E0%B8%8A%E0%B8%B5%E0%B8%9C%E0%B8%B9%E0%B9%89%E0%B9%83%E0%B8%8A%E0%B9%89%E0%B8%87%E0%B8%B2%E0%B8%99%E0%B8%A3%E0%B8%B0%E0%B8%9A%E0%B8%9A%E0%B8%AA%E0%B8%B2%E0%B8%A3%E0%B8%AA%E0%B8%99%E0%B9%80%E0%B8%97%E0%B8%A8%E0%B8%A0%E0%B8%B2%E0%B8%A2%E0%B9%83%E0%B8%99%E0%B8%A1%E0%B8%AB%E0%B8%B2%E0%B8%A7%E0%B8%B4%E0%B8%97%E0%B8%A2%E0%B8%B2%E0%B8%A5%E0%B8%B1%E0%B8%A2%E0%B8%A3%E0%B8%B2%E0%B8%8A%E0%B8%A0%E0%B8%B1%E0%B8%8F%E0%B8%A2%E0%B8%B0%E0%B8%A5%E0%B8%B2.html,31587,,2f8f1d43100cadbb8e999687360f27cf212c6cd98dc3d7cf5849bba874b1fdf3,good,RAG,PENDING_REVIEW,,False,สำเนาหัวข้อจากหน้า YRU-Passport เดียวกัน; ระบุเมนูสมัคร Microsoft (O365) และโดเมน @ms.yru.ac.th เท่านั้น ไม่พบคู่มือ Microsoft 365 โดยเฉพาะหรือขั้นตอนแก้ปัญหาปัจจุบัน.
YRU-182,ติดต่อศูนย์บรรณสารสนเทศ: เวลาเปิดทำการและช่องทางติดต่อ,LIBRARY_GUIDE,,,,downloaded,03-it-library/library/library_contact.html,https://library.yru.ac.th/contact,https://library.yru.ac.th/contact,40904,,c470b59d642c864eafddb752bc637d3eadde213a7e5cf481f9a3e320f36b1416,good,BOTH,PENDING_REVIEW,,False,"หน้า contact สดของเว็บศูนย์บรรณสารสนเทศ ระบุจ.-ศ. 08:00–17:00, ส.-อา. 08:30–16:30, ปิดวันหยุดนักขัตฤกษ์ และโทร 073-299675 ต่อ 23300; ตรวจประกาศพิเศษในวันให้บริการจริง."
YRU-183,งานบริการและเผยแพร่สารสนเทศ: ช่องทางรับเรื่องและรายการบริการ,LIBRARY_GUIDE,,,,downloaded,03-it-library/library/library_service_home.html,https://library.yru.ac.th/service/,https://library.yru.ac.th/service/,69125,,82fd01b0800bee88b8e0db303f6596410fc3b3ed8b97ed8c89693ef0d6466a0e,good,BOTH,PENDING_REVIEW,,False,"หน้าเว็บบริการห้องสมุด แสดง LINE ห้องสมุด, ระบบจองห้อง, บริการรับฝากหนังสือ, มาตรฐานงานบริการ และช่องทางค้นคว้า. มีรายการสถิติ/ข่าวที่ไม่ใช้เป็นความรู้ถาวร."
YRU-184,บริการห้องค้นคว้าและขั้นตอนการจองห้อง,LIBRARY_GUIDE,,,,downloaded,03-it-library/library/study_room_booking_article.html,https://library.yru.ac.th/view/1655,https://library.yru.ac.th/view/1655,33933,,6b460a8a9f67ed0f0973cbce80b124490330643308c08caf0517e921626d7ff5,good,RAG,PENDING_REVIEW,,False,หน้าบริการลงวันที่ 25 ก.ค. 2567 ระบุจองที่ ebooking.yru.ac.th และนำบัตรนักศึกษามารับกุญแจ; ตัวหน้าอ้างเอกสารแนบแต่ไม่พบลิงก์เอกสารแนบที่ดึงได้.
YRU-185,หน้าแบบฟอร์มสมัครสมาชิกห้องสมุด (บุคคลภายนอก),LIBRARY_GUIDE,,,,downloaded,03-it-library/library/library_member_form_page754.html,https://library.yru.ac.th/page/754/%E0%B9%81%E0%B8%9A%E0%B8%9A%E0%B8%9F%E0%B8%AD%E0%B8%A3%E0%B9%8C%E0%B8%A1%E0%B8%AA%E0%B8%A1%E0%B8%B1%E0%B8%84%E0%B8%A3%E0%B8%AA%E0%B8%A1%E0%B8%B2%E0%B8%8A%E0%B8%B4%E0%B8%81%E0%B8%AB%E0%B9%89%E0%B8%AD%E0%B8%87%E0%B8%AA%E0%B8%A1%E0%B8%B8%E0%B8%94.html,https://library.yru.ac.th/page/754/%E0%B9%81%E0%B8%9A%E0%B8%9A%E0%B8%9F%E0%B8%AD%E0%B8%A3%E0%B9%8C%E0%B8%A1%E0%B8%AA%E0%B8%A1%E0%B8%B1%E0%B8%84%E0%B8%A3%E0%B8%AA%E0%B8%A1%E0%B8%B2%E0%B8%8A%E0%B8%B4%E0%B8%81%E0%B8%AB%E0%B9%89%E0%B8%AD%E0%B8%87%E0%B8%AA%E0%B8%A1%E0%B8%B8%E0%B8%94.html,31610,,a99251116b0b8355e9180c7f792ab463e05127ddad2f6908d20d84ad3d38033e,poor,BOTH,PENDING_REVIEW,,False,หน้า source ทางการของแบบฟอร์ม; เก็บเป็น HTML พร้อม text. แบบฟอร์มแนบมีช่องเก็บเลขบัตรประชาชน ที่อยู่ โทรศัพท์ และอีเมล จึงต้องระวังการจัดเก็บข้อมูลส่วนบุคคล.
YRU-186,แบบฟอร์มสมัครสมาชิกห้องสมุด (สำหรับบุคคลภายนอก),LIBRARY_GUIDE,,,,downloaded,03-it-library/library/library_membership_form_pdf.pdf,https://library.yru.ac.th/download/a/7pOYuFX8Yw4wqAqOYHRhlM/%E0%B9%81%E0%B8%9A%E0%B8%9A%E0%B8%9F%E0%B8%AD%E0%B8%A3%E0%B9%8C%E0%B8%A1%E0%B8%AA%E0%B8%A1%E0%B8%B1%E0%B8%84%E0%B8%A3%E0%B8%AA%E0%B8%A1%E0%B8%B2%E0%B8%8A%E0%B8%B4%E0%B8%81%E0%B8%AB%E0%B9%89%E0%B8%AD%E0%B8%87%E0%B8%AA%E0%B8%A1%E0%B8%B8%E0%B8%94,https://library.yru.ac.th/page/754/%E0%B9%81%E0%B8%9A%E0%B8%9A%E0%B8%9F%E0%B8%AD%E0%B8%A3%E0%B9%8C%E0%B8%A1%E0%B8%AA%E0%B8%A1%E0%B8%B1%E0%B8%84%E0%B8%A3%E0%B8%AA%E0%B8%A1%E0%B8%B2%E0%B8%8A%E0%B8%B4%E0%B8%81%E0%B8%AB%E0%B9%89%E0%B8%AD%E0%B8%87%E0%B8%AA%E0%B8%A1%E0%B8%B8%E0%B8%94.html,56396,1,be1c96871bbd0cc8291b8a170bb7847a487aa6b78d150b816a6ac5f38cafc274,good,RAG,PENDING_REVIEW,,False,"ไฟล์ PDF จริง 1 หน้า; ระบุค่าบำรุงรายปี 200 บาท, ค่าบัตร 50 บาท, ประกัน 500 บาท. HTML legacy membership page lists fees per semester instead; confirm current fee before answering. Blank form only; asks for personal identifiers."
YRU-187,ภาระกิจของหน่วยงาน: ระเบียบเข้าใช้และสิทธิยืมคืนห้องสมุด (ฉบับเว็บเก่า),LIBRARY_GUIDE,,,,downloaded,03-it-library/library/library_rules_page163.html,https://library.yru.ac.th/service/page/163/%E0%B8%A0%E0%B8%B2%E0%B8%A3%E0%B8%B0%E0%B8%81%E0%B8%B4%E0%B8%88%E0%B8%82%E0%B8%AD%E0%B8%87%E0%B8%AB%E0%B8%99%E0%B9%88%E0%B8%A7%E0%B8%A2%E0%B8%87%E0%B8%B2%E0%B8%99.html,https://library.yru.ac.th/service/page/163/%E0%B8%A0%E0%B8%B2%E0%B8%A3%E0%B8%B0%E0%B8%81%E0%B8%B4%E0%B8%88%E0%B8%82%E0%B8%AD%E0%B8%87%E0%B8%AB%E0%B8%99%E0%B9%88%E0%B8%A7%E0%B8%A2%E0%B8%87%E0%B8%B2%E0%B8%99.html,76565,,0c00157372d25e01f8b988b69ffab11a4e30f8e371867c00c3370e545679c190,good,RAG,PENDING_REVIEW,,False,หน้าเนื้อหากฎการเข้าใช้ เวลาเปิด สิทธิยืม จำนวน/วันยืม และค่าปรับ ลงวันที่ 2 ส.ค. 2562. ถือเป็นฉบับเก่าที่ต้องยืนยันกับห้องสมุด; ข้อมูลสมาชิกและค่าธรรมเนียมขัดกับแบบฟอร์ม PDF จากเว็บเดียวกัน.
YRU-188,แนวปฏิบัติการใช้บริการห้องศึกษาค้นคว้า (PDF),LIBRARY_GUIDE,,,,downloaded,03-it-library/library/study_room_use_policy_pdf.pdf,https://drive.google.com/file/d/1QU9VUTknmlVg_xRl9jbGe0XbCXe8T3EL/view?usp=sharing,https://library.yru.ac.th/service/page/163/%E0%B8%A0%E0%B8%B2%E0%B8%A3%E0%B8%B0%E0%B8%81%E0%B8%B4%E0%B8%88%E0%B8%82%E0%B8%AD%E0%B8%87%E0%B8%AB%E0%B8%99%E0%B9%88%E0%B8%A7%E0%B8%A2%E0%B8%87%E0%B8%B2%E0%B8%99.html,91335,2,869591d535d80e3ad5250113788be537ebe1234f08e8d65712eea66f92def4a2,partial,RAG,PENDING_REVIEW,,False,PDF สแกน 2 หน้า ลงเดือนสิงหาคม 2564; ไม่มี text layer จึงแนบการถอดข้อความจากภาพเป็น UTF-8 เพื่อค้นหาได้ แต่ต้องให้ห้องสมุดตรวจทานก่อนใช้. เอกสารอ้าง http://booking.yru.ac.th ซึ่งต่างจากข่าวบริการปี 2567 ที่ชี้ https://ebooking.yru.ac.th.
YRU-189,คู่มือการใช้งานระบบ YRU Passport (ลิงก์ Google Drive),YRU_PASSPORT_GUIDE,,,,failed,,https://drive.google.com/file/d/1rnRP_4-HkkVvdVo4eTrEQI9cJIXeOs3I/view,https://nse.yru.ac.th/page/86/%E0%B8%A3%E0%B8%B0%E0%B8%9A%E0%B8%9A%E0%B8%88%E0%B8%B1%E0%B8%94%E0%B8%81%E0%B8%B2%E0%B8%A3%E0%B8%9A%E0%B8%B1%E0%B8%8D%E0%B8%8A%E0%B8%B5%E0%B8%9C%E0%B8%B9%E0%B9%89%E0%B9%83%E0%B8%8A%E0%B9%89%E0%B8%87%E0%B8%B2%E0%B8%99%E0%B8%A3%E0%B8%B0%E0%B8%9A%E0%B8%9A%E0%B8%AA%E0%B8%B2%E0%B8%A3%E0%B8%AA%E0%B8%99%E0%B9%80%E0%B8%97%E0%B8%A8_(YRU_Passport).html,0,,,not_available,RAG,PENDING_REVIEW,,False,ลิงก์คู่มือจากหน้า NSE อย่างเป็นทางการ แต่ดาวน์โหลดผ่าน Drive แล้วถูกเปลี่ยนเส้นทางไปหน้าลงชื่อเข้าใช้ จึงไม่สามารถบันทึก PDF ได้; ใช้ HTML snapshot ของหน้า NSE แทน.
YRU-190,หน้าเข้าสู่ระบบ YRU Passport (หน้าเว็บ dynamic),YRU_PASSPORT_GUIDE,,,,failed,,https://passport.yru.ac.th/,https://passport.yru.ac.th/,0,,,not_available,RAG,PENDING_REVIEW,,False,ดาวน์โหลด HTML ไม่สำเร็จ: URL ตอบ 302 ไป /auth/login และปลายทางวนกลับเดิม. หน้าค้นหาของเว็บแสดงฟอร์ม Login/ThaiD และให้ติดต่อศูนย์คอมพิวเตอร์; ไม่พบขั้นตอนลืมรหัสผ่านสาธารณะที่ยืนยันได้.
